data,time_start,time_stop,count_move,caps_num,size_rect,count_rect,screen
20200101,010101,010101,0,0.0,0,0,none
20200529,221254,224259,774,1789760.6666666667,2201.0,3,20200529-221254-224259.jpg
20200529,224304,231309,1104,1787786.0,1103.0,8,20200529-224304-231309.jpg
20200529,231314,234319,435,1790179.6666666667,1260.5,3,20200529-231314-234319.jpg
20200529,234324,000004,216,995634.3333333334,211.0,3,20200529-234324-000004.jpg
20200530,000009,003014,10,1787211.0,112.0,1,20200530-000009-003014.jpg
20200530,003019,010024,215,1788842.0,2707.5,7,20200530-003019-010024.jpg
20200530,010029,013034,145,1805280.3333333335,235.0,3,20200530-010029-013034.jpg
20200530,013039,020044,1748,1799544.3333333335,2065.5,6,20200530-013039-020044.jpg
20200530,020340,023345,0,1797061.6666666667,0,0,none
20200530,023350,030355,25,1791543.3333333335,217.5,1,20200530-023350-030355.jpg
20200530,030400,033405,1332,1794512.3333333333,316.5,8,20200530-030400-033405.jpg
20200530,033410,040415,42317,1801388.6666666667,74089.5,54,20200530-033410-040415.jpg
20200530,040420,043425,14998,1803797.6666666667,139720.0,61,20200530-040420-043425.jpg
20200530,043430,050435,967,1799112.3333333335,462.0,10,20200530-043430-050435.jpg
20200530,050440,053445,4061,1742204.0000000002,991.0,10,20200530-050440-053445.jpg
20200530,060552,063557,43213,1694737.0,34031.5,68,20200530-060552-063557.jpg
20200530,063602,070607,15277,1759530.0,6004.0,38,20200530-063602-070607.jpg
20200530,070612,073617,37290,1780865.3333333335,12373.0,78,20200530-070612-073617.jpg
20200530,073622,080627,44896,1732011.6666666667,31680.5,90,20200530-073622-080627.jpg
20200530,080632,083637,35885,1799669.0,33464.0,70,20200530-080632-083637.jpg
20200530,083642,090647,44447,1787964.6666666667,3404.5,64,20200530-083642-090647.jpg
20200530,100645,103650,50554,1797649.3333333335,3350.5,69,20200530-100645-103650.jpg
20200530,103655,110700,35867,1793915.6666666667,12525.5,62,20200530-103655-110700.jpg
20200530,110705,113710,23991,1799344.3333333335,1938.0,57,20200530-110705-113710.jpg
20200530,113715,120720,54078,1802934.0000000002,2300.5,59,20200530-113715-120720.jpg
20200530,120725,123730,50985,1750845.0,8331.5,37,20200530-120725-123730.jpg
20200530,123735,130740,36554,1747677.3333333333,6257.0,23,20200530-123735-130740.jpg
20200530,130745,133750,1546,1798342.6666666667,7422.0,9,20200530-130745-133750.jpg
20200530,140538,143543,1120,1796469.3333333335,5565.5,18,20200530-140538-143543.jpg
20200530,143548,150553,920,1805498.3333333335,5604.5,7,20200530-143548-150553.jpg
20200530,150558,153603,6827,1800454.3333333333,5841.0,38,20200530-150558-153603.jpg
20200530,153608,160613,20052,1682401.6666666667,6545.5,16,20200530-153608-160613.jpg
20200530,180620,183625,35561,1752143.0,3562.0,61,20200530-180620-183625.jpg
20200530,183630,190635,35300,1803147.3333333333,4833.0,62,20200530-183630-190635.jpg
20200530,190640,193645,53814,1794134.0,4451.0,62,20200530-190640-193645.jpg
20200530,193650,200655,50873,1770994.0000000002,128210.5,95,20200530-193650-200655.jpg
20200530,221404,224409,51045,1791148.3333333333,1115.5,26,20200530-221404-224409.jpg
20200530,224414,231419,9481,1795535.3333333335,1260.5,27,20200530-224414-231419.jpg
20200530,231424,234429,7120,1802637.6666666667,2042.5,25,20200530-231424-234429.jpg
20200530,234434,000004,1892,932567.6666666667,613.0,22,20200530-234434-000004.jpg
20200531,000009,003014,2569,1800464.6666666667,949.5,17,20200531-000009-003014.jpg
20200531,003019,010024,523,1807280.0000000002,294.5,10,20200531-003019-010024.jpg
20200531,010029,013034,4046,1805063.0,539.0,21,20200531-010029-013034.jpg
20200531,013039,020044,6652,1796701.6666666667,620.0,25,20200531-013039-020044.jpg
20200531,020554,023559,9504,1795614.3333333335,814.5,26,20200531-020554-023559.jpg
20200531,023604,030609,52756,1787597.6666666667,1028.0,32,20200531-023604-030609.jpg
20200531,030614,033619,39224,1787166.6666666667,25269.5,60,20200531-030614-033619.jpg
20200531,033624,040629,45446,1795353.3333333335,139720.0,92,20200531-033624-040629.jpg
20200531,040634,043639,41959,1787719.3333333335,19237.0,68,20200531-040634-043639.jpg
20200531,043644,050649,42848,1789073.6666666667,12115.0,72,20200531-043644-050649.jpg
20200531,050654,053659,53456,1795232.3333333335,2355.5,55,20200531-050654-053659.jpg
20200531,060620,063625,52462,1748885.3333333335,3492.0,68,20200531-060620-063625.jpg
20200531,063630,070635,52217,1742316.3333333335,2692.0,57,20200531-063630-070635.jpg
20200531,070640,073645,35884,1796458.6666666667,2648.0,53,20200531-070640-073645.jpg
20200531,073650,080655,47068,1785538.6666666667,2329.0,61,20200531-073650-080655.jpg
20200531,080700,083705,44817,1800197.6666666667,2424.0,66,20200531-080700-083705.jpg
20200531,083710,090715,44841,1793774.3333333335,3562.0,70,20200531-083710-090715.jpg
20200531,100713,103718,53376,1780008.0,4332.0,74,20200531-100713-103718.jpg
20200531,103723,110728,53415,1780690.6666666667,3940.5,93,20200531-103723-110728.jpg
20200531,110733,113738,53232,1776663.0,3652.0,67,20200531-110733-113738.jpg
20200531,113743,120748,53125,1771263.0000000002,3499.5,67,20200531-113743-120748.jpg
20200531,120753,123758,53335,1777859.6666666667,4550.0,69,20200531-120753-123758.jpg
20200531,123803,130808,53697,1793622.0,3981.5,84,20200531-123803-130808.jpg
20200531,130813,133818,53424,1784008.6666666667,3019.0,70,20200531-130813-133818.jpg
20200531,140556,143601,53209,1776867.3333333333,12825.5,87,20200531-140556-143601.jpg
20200531,143606,150611,53229,1781858.0000000002,6117.0,73,20200531-143606-150611.jpg
20200531,150616,153621,53962,1799163.6666666667,25935.0,82,20200531-150616-153621.jpg
20200531,153626,160631,52959,1768632.0,45020.5,89,20200531-153626-160631.jpg
20200531,160636,163641,52836,1773909.0,53978.0,79,20200531-160636-163641.jpg
20200531,163646,170651,53436,1781944.3333333333,2943.0,73,20200531-163646-170651.jpg
20200531,170656,173701,28727,1789050.3333333333,9477.0,68,20200531-170656-173701.jpg
20200531,180604,183609,52112,1771769.0,1507.0,57,20200531-180604-183609.jpg
20200531,183614,190619,35278,1793904.3333333335,2825.5,61,20200531-183614-190619.jpg
20200531,190624,193629,48304,1784747.6666666667,4148.5,61,20200531-190624-193629.jpg
20200531,193634,200639,50231,1794312.0000000002,2667.0,63,20200531-193634-200639.jpg
20200531,200644,203649,30469,1777402.6666666667,722.0,15,20200531-200644-203649.jpg
20200531,203654,210659,32867,1799779.6666666667,139720.0,68,20200531-203654-210659.jpg
20200531,210704,213709,30196,1783055.0,25658.0,48,20200531-210704-213709.jpg
20200531,221436,224441,723,1782102.3333333335,919.5,8,20200531-221436-224441.jpg
20200531,224446,231451,4190,1787735.0000000002,1046.0,9,20200531-224446-231451.jpg
20200531,231456,234501,75,1778897.3333333333,967.0,2,20200531-231456-234501.jpg
20200531,234506,000001,126,890891.6666666667,3734.5,1,20200531-234506-000001.jpg
20200601,000006,003011,223,1790775.0,460.0,2,20200601-000006-003011.jpg
20200601,003016,010021,810,1792714.0000000002,1046.0,4,20200601-003016-010021.jpg
20200601,010026,013031,195,1784615.3333333335,496.0,2,20200601-010026-013031.jpg
20200601,013036,020041,25,1786892.0,1404.0,1,20200601-013036-020041.jpg
20200601,020609,023614,96,1788432.3333333335,202.5,1,20200601-020609-023614.jpg
20200601,023619,030624,3756,1798485.3333333335,1058.5,16,20200601-023619-030624.jpg
20200601,030629,033634,33557,1797730.3333333335,98111.5,39,20200601-030629-033634.jpg
20200601,033639,040644,24864,1796376.0,139704.5,69,20200601-033639-040644.jpg
20200601,040649,043654,745,1765180.6666666667,244.5,3,20200601-040649-043654.jpg
20200601,043659,050704,17208,1769840.0000000002,11942.5,15,20200601-043659-050704.jpg
20200601,050709,053714,51908,1783156.6666666667,107320.0,57,20200601-050709-053714.jpg
20200601,060620,063625,53737,1792592.0,14544.5,91,20200601-060620-063625.jpg
20200601,063630,070635,51599,1779160.0,5907.5,99,20200601-063630-070635.jpg
20200601,070640,073645,52839,1770573.6666666667,3707.5,97,20200601-070640-073645.jpg
20200601,073650,080655,53152,1772695.6666666667,3003.0,91,20200601-073650-080655.jpg
20200601,080700,083705,53475,1782928.0,3308.0,88,20200601-080700-083705.jpg
20200601,083710,090715,53656,1797642.0,4682.0,79,20200601-083710-090715.jpg
20200601,090720,093725,53181,1782579.6666666667,32750.0,93,20200601-090720-093725.jpg
20200601,100651,103656,52821,1797710.0,35147.0,99,20200601-100651-103656.jpg
20200601,103701,110706,53285,1776357.6666666667,41477.5,89,20200601-103701-110706.jpg
20200601,110711,113716,53453,1785400.6666666667,42266.5,94,20200601-110711-113716.jpg
20200601,113721,120726,53383,1779734.3333333333,35343.0,89,20200601-113721-120726.jpg
20200601,120731,123736,53165,1772822.0,47990.0,74,20200601-120731-123736.jpg
20200601,123741,130746,52972,1777080.3333333333,33520.0,90,20200601-123741-130746.jpg
20200601,130751,133756,53631,1792915.6666666667,31929.0,94,20200601-130751-133756.jpg
20200601,140622,143627,53469,1782946.6666666667,26643.0,106,20200601-140622-143627.jpg
20200601,143632,150637,52972,1766536.3333333335,18537.5,111,20200601-143632-150637.jpg
20200601,150642,153647,54052,1802491.3333333335,7260.0,85,20200601-150642-153647.jpg
20200601,153652,160657,53742,1800041.6666666667,37535.5,88,20200601-153652-160657.jpg
20200601,160702,163707,54193,1806717.3333333335,67283.5,99,20200601-160702-163707.jpg
20200601,163712,170717,53947,1803345.0,79635.0,71,20200601-163712-170717.jpg
20200601,170722,173727,53628,1804896.3333333333,27426.0,85,20200601-170722-173727.jpg
20200601,180627,183632,50709,1799045.0,5802.5,74,20200601-180627-183632.jpg
20200601,183637,190642,44419,1799846.3333333335,2386.5,54,20200601-183637-190642.jpg
20200601,190647,193652,19073,1801874.0,924.0,49,20200601-190647-193652.jpg
20200601,193657,200702,8279,1790929.0,1228.0,20,20200601-193657-200702.jpg
20200601,200707,203712,0,1790834.666666667,0,0,none
20200601,203717,210722,29467,1793460.6666666667,139720.0,60,20200601-203717-210722.jpg
20200601,210727,213732,37743,1802952.6666666667,20995.0,38,20200601-210727-213732.jpg
20200601,221329,224334,235,1806624.3333333335,456.0,2,20200601-221329-224334.jpg
20200601,224339,231344,55,1805865.3333333335,962.0,1,20200601-224339-231344.jpg
20200601,231349,234354,15,1803293.0000000002,614.0,1,20200601-231349-234354.jpg
20200601,234359,000004,0,968742.3333333334,0,0,none
20200602,000009,003014,0,1803843.6666666667,0,0,none
20200602,003019,010024,70,1800386.3333333333,367.0,1,20200602-003019-010024.jpg
20200602,010029,013034,0,1794490.3333333335,0,0,none
20200602,013039,020044,150,1790047.3333333335,465.0,1,20200602-013039-020044.jpg
20200602,020628,023633,72,1793233.3333333333,214.5,1,20200602-020628-023633.jpg
20200602,023638,030643,60,1793696.6666666667,1074.5,6,20200602-023638-030643.jpg
20200602,030648,033653,30695,1793101.6666666667,83947.0,35,20200602-030648-033653.jpg
20200602,033658,040703,30747,1793815.6666666667,139675.5,69,20200602-033658-040703.jpg
20200602,040708,043713,0,1760007.3333333335,0,0,none
20200602,043718,050723,11671,1761156.3333333333,9353.5,12,20200602-043718-050723.jpg
20200602,050728,053733,50255,1759997.6666666667,51673.5,45,20200602-050728-053733.jpg
20200602,060621,063626,51288,1787842.3333333335,10946.5,59,20200602-060621-063626.jpg
20200602,063631,070636,51446,1789114.3333333335,4964.5,44,20200602-063631-070636.jpg
20200602,070641,073646,51960,1799579.3333333333,3145.0,76,20200602-070641-073646.jpg
20200602,073651,080656,45227,1794485.3333333335,2212.0,89,20200602-073651-080656.jpg
20200602,080701,083706,45529,1795341.0000000002,9076.5,85,20200602-080701-083706.jpg
20200602,083711,090716,52939,1786425.0000000002,15233.0,88,20200602-083711-090716.jpg
20200602,090721,093726,53050,1768086.3333333335,4553.0,95,20200602-090721-093726.jpg
20200602,100739,103744,49708,1776365.6666666667,12106.5,79,20200602-100739-103744.jpg
20200602,103749,110754,53841,1795033.3333333335,3490.5,74,20200602-103749-110754.jpg
20200602,110759,113804,52554,1786054.6666666667,5478.0,77,20200602-110759-113804.jpg
20200602,113809,120814,45636,1796341.6666666667,2769.5,67,20200602-113809-120814.jpg
20200602,120819,123824,39916,1795306.6666666667,3914.0,81,20200602-120819-123824.jpg
20200602,123829,130834,53735,1795556.0,2721.0,57,20200602-123829-130834.jpg
20200602,130839,133844,53637,1798992.6666666667,3442.0,63,20200602-130839-133844.jpg
20200602,140548,143553,32264,1793630.6666666667,2435.0,64,20200602-140548-143553.jpg
20200602,143558,150603,39347,1799363.6666666667,2761.0,72,20200602-143558-150603.jpg
20200602,150608,153613,53412,1791548.6666666667,4146.0,60,20200602-150608-153613.jpg
20200602,153618,160623,53276,1794116.6666666667,2960.0,73,20200602-153618-160623.jpg
20200602,160628,163633,53760,1792581.6666666667,3208.5,72,20200602-160628-163633.jpg
20200602,163638,170643,50643,1789843.0,2441.5,63,20200602-163638-170643.jpg
20200602,170648,173653,50648,1801825.6666666667,2442.5,58,20200602-170648-173653.jpg
20200602,221356,224401,3021,1769409.6666666667,503.0,10,20200602-221356-224401.jpg
20200602,224406,231411,2334,1771978.0,449.0,12,20200602-224406-231411.jpg
20200602,231416,234421,1882,1782969.3333333335,491.0,12,20200602-231416-234421.jpg
20200602,234426,000001,107,921507.6666666667,174.5,4,20200602-234426-000001.jpg
20200603,000006,003011,142,1793419.0,1039.0,7,20200603-000006-003011.jpg
20200603,003016,010021,1364,1788927.0000000002,241.5,7,20200603-003016-010021.jpg
20200603,020605,023610,130,1777571.3333333333,271.5,1,20200603-020605-023610.jpg
20200603,023615,030620,4987,1776581.3333333333,4534.0,31,20200603-023615-030620.jpg
20200603,030625,033630,29245,1791377.0000000002,12708.0,29,20200603-030625-033630.jpg
20200603,033635,040640,32869,1794382.0,139720.0,66,20200603-033635-040640.jpg
20200603,040645,043650,304,1786158.6666666667,270.5,1,20200603-040645-043650.jpg
20200603,043655,050700,18267,1787412.3333333335,3496.5,17,20200603-043655-050700.jpg
20200603,050705,053710,18729,1775958.6666666667,76490.0,42,20200603-050705-053710.jpg
20200603,060551,063556,20044,1783203.0,1151.0,34,20200603-060551-063556.jpg
20200603,063601,070606,14470,1802309.0000000002,954.5,35,20200603-063601-070606.jpg
20200603,070611,073616,53718,1807329.6666666667,38036.5,87,20200603-070611-073616.jpg
20200603,073621,080626,52049,1790001.0,35348.0,75,20200603-073621-080626.jpg
20200603,080631,083636,42365,1788717.3333333335,67035.5,77,20200603-080631-083636.jpg
20200603,083641,090646,47082,1792407.6666666667,54757.5,69,20200603-083641-090646.jpg
20200603,090651,093656,53932,1798578.6666666667,60971.0,87,20200603-090651-093656.jpg
20200603,100713,103718,47309,1792852.6666666667,19410.5,77,20200603-100713-103718.jpg
20200603,103723,110728,52446,1797322.0,15378.0,60,20200603-103723-110728.jpg
20200603,110733,113738,35194,1807400.6666666667,23423.5,64,20200603-110733-113738.jpg
20200603,113743,120748,53875,1809264.6666666667,15661.0,84,20200603-113743-120748.jpg
20200603,120753,123758,44401,1806778.3333333335,31873.0,74,20200603-120753-123758.jpg
20200603,123803,130808,50287,1802750.6666666667,7383.0,78,20200603-123803-130808.jpg
20200603,130813,133818,51158,1797834.666666667,23684.5,83,20200603-130813-133818.jpg
20200603,140606,143611,15079,1803347.3333333335,3172.0,33,20200603-140606-143611.jpg
20200603,143616,150621,37216,1806931.0,10089.5,53,20200603-143616-150621.jpg
20200603,150626,153631,51547,1806840.3333333333,4550.5,86,20200603-150626-153631.jpg
20200603,153636,160641,47513,1807192.0,51094.5,65,20200603-153636-160641.jpg
20200603,160646,163651,54133,1804472.0,67242.0,68,20200603-160646-163651.jpg
20200603,163656,170701,27259,1791768.0,44399.0,46,20200603-163656-170701.jpg
20200603,170706,173711,50541,1803605.3333333335,36709.0,96,20200603-170706-173711.jpg
20200603,180637,183642,25603,1809883.0,296.5,5,20200603-180637-183642.jpg
20200603,183647,190652,16180,1786520.3333333335,3303.0,28,20200603-183647-190652.jpg
20200603,190657,193702,330,1774629.0000000002,1351.5,7,20200603-190657-193702.jpg
20200603,193707,200712,35620,1790111.6666666667,14796.5,32,20200603-193707-200712.jpg
20200603,200717,203722,33321,1805254.3333333333,139720.0,60,20200603-200717-203722.jpg
20200603,203727,210732,39141,1809929.3333333335,25277.0,35,20200603-203727-210732.jpg
20200603,210737,213742,34223,1797352.0,68672.0,29,20200603-210737-213742.jpg
20200603,221938,224943,38,1809431.3333333335,559.5,1,20200603-221938-224943.jpg
20200603,224948,231953,10,1808959.0,181.5,1,20200603-224948-231953.jpg
20200603,231958,235003,10,1799592.0,452.0,1,20200603-231958-235003.jpg
20200603,235008,000003,0,599861.3333333334,0,0,none
20200604,000008,003013,50,1806350.0000000002,12531.5,4,20200604-000008-003013.jpg
20200604,003018,010023,30,1808139.3333333335,317.0,1,20200604-003018-010023.jpg
20200604,010028,013033,0,1808494.3333333333,0,0,none
20200604,013038,020043,40,1807956.0000000002,740.5,1,20200604-013038-020043.jpg
20200604,020624,023629,5,1797254.3333333333,120.0,1,20200604-020624-023629.jpg
20200604,023634,030639,0,1799167.0000000002,0,0,none
20200604,030644,033649,28396,1798895.6666666667,75736.0,32,20200604-030644-033649.jpg
20200604,033654,040659,41089,1779955.6666666667,139715.0,54,20200604-033654-040659.jpg
20200604,040704,043709,710,1789364.0,205.0,1,20200604-040704-043709.jpg
20200604,043714,050719,0,1802222.6666666667,0,0,none
20200604,050724,053729,5,1798339.3333333333,118.5,1,20200604-050724-053729.jpg
20200604,060550,063555,5,1781158.6666666667,136.5,1,20200604-060550-063555.jpg
20200604,063600,070605,0,1782946.0000000002,0,0,none
20200604,070610,073615,30,1805074.3333333335,281.5,2,20200604-070610-073615.jpg
20200604,073620,080625,5,1804260.6666666667,188.0,1,20200604-073620-080625.jpg
20200604,080630,083635,4080,1797534.6666666667,703.0,4,20200604-080630-083635.jpg
20200604,083640,090645,12304,1786296.0,2427.5,15,20200604-083640-090645.jpg
20200604,090650,093655,36243,1790999.3333333335,7830.0,34,20200604-090650-093655.jpg
20200604,100650,103655,32149,1791594.6666666667,7893.5,31,20200604-100650-103655.jpg
20200604,103700,110705,37691,1804638.6666666667,2940.0,11,20200604-103700-110705.jpg
20200604,110710,113715,30645,1803106.3333333335,23664.0,30,20200604-110710-113715.jpg
20200604,113720,120725,50605,1803478.0,20122.0,55,20200604-113720-120725.jpg
20200604,120730,123735,4645,1792202.3333333335,4192.5,20,20200604-120730-123735.jpg
20200604,123740,130745,31405,1801183.6666666667,7440.5,72,20200604-123740-130745.jpg
20200604,130750,133755,43228,1804567.3333333335,10428.5,82,20200604-130750-133755.jpg
20200604,140611,143616,50820,1795355.0,44264.0,56,20200604-140611-143616.jpg
20200604,143621,150626,51142,1793314.0,11766.0,73,20200604-143621-150626.jpg
20200604,150631,153636,50960,1793978.6666666667,22562.5,62,20200604-150631-153636.jpg
20200604,153641,160646,39363,1792477.6666666667,25641.5,55,20200604-153641-160646.jpg
20200604,160651,163656,52984,1805039.0,28488.0,50,20200604-160651-163656.jpg
20200604,163701,170706,38020,1767686.3333333333,26352.5,26,20200604-163701-170706.jpg
20200604,170711,173716,36948,1767134.6666666667,15787.0,26,20200604-170711-173716.jpg
20200604,180704,183709,52990,1792557.3333333335,400.0,6,20200604-180704-183709.jpg
20200604,183714,190719,2745,1791812.3333333335,388.0,3,20200604-183714-190719.jpg
20200604,190724,193729,95,1784420.0,545.5,1,20200604-190724-193729.jpg
20200604,193734,200739,0,1773608.6666666667,0,0,none
20200604,200744,203749,0,1784117.0000000002,0,0,none
20200604,203754,210759,25289,1806637.0000000002,139720.0,73,20200604-203754-210759.jpg
20200604,210804,213809,35481,1806798.3333333335,106100.5,41,20200604-210804-213809.jpg
20200604,221356,224401,759,1805057.0,1338.5,1,20200604-221356-224401.jpg
20200604,224406,231411,53847,1801202.3333333335,996.0,3,20200604-224406-231411.jpg
20200604,231416,234421,145,1802186.6666666667,4507.5,2,20200604-231416-234421.jpg
20200604,234426,000001,0,939363.3333333334,0,0,none
20200605,000006,003011,0,1798974.3333333333,0,0,none
20200605,003016,010021,0,1808241.3333333335,0,0,none
20200605,010026,013031,0,1791295.0,0,0,none
20200605,013036,020041,0,1805126.3333333335,0,0,none
20200605,020557,023602,0,1794965.0000000002,0,0,none
20200605,023607,030612,1838,1795179.6666666667,1191.0,14,20200605-023607-030612.jpg
20200605,030617,033622,33216,1787998.3333333335,99543.5,38,20200605-030617-033622.jpg
20200605,033627,040632,26554,1800253.0000000002,139718.0,65,20200605-033627-040632.jpg
20200605,040637,043642,520,1781448.0,140.5,3,20200605-040637-043642.jpg
20200605,043647,050652,24020,1770230.0,100954.5,41,20200605-043647-050652.jpg
20200605,050657,053702,53288,1800323.6666666667,98302.5,60,20200605-050657-053702.jpg
20200605,060753,063758,51534,1799527.3333333335,12034.0,83,20200605-060753-063758.jpg
20200605,063803,070808,51742,1796073.0,9216.5,95,20200605-063803-070808.jpg
20200605,070813,073818,54025,1802878.0000000002,2847.0,75,20200605-070813-073818.jpg
20200605,073823,080828,54021,1803924.0,1878.5,64,20200605-073823-080828.jpg
20200605,080833,083838,54062,1806696.3333333333,2244.5,90,20200605-080833-083838.jpg
20200605,083843,090848,54017,1801245.6666666667,4335.0,80,20200605-083843-090848.jpg
20200605,090853,093858,53886,1800980.3333333335,17350.5,96,20200605-090853-093858.jpg
20200605,100723,103728,54185,1807229.3333333335,10488.0,74,20200605-100723-103728.jpg
20200605,103733,110738,53124,1801112.3333333335,28578.5,82,20200605-103733-110738.jpg
20200605,110743,113748,53844,1795229.6666666667,36743.5,89,20200605-110743-113748.jpg
20200605,113753,120758,53906,1803276.0,20568.5,100,20200605-113753-120758.jpg
20200605,120803,123808,54057,1801959.666666667,16625.5,67,20200605-120803-123808.jpg
20200605,123813,130818,24938,1809261.3333333333,3214.0,37,20200605-123813-130818.jpg
20200605,130823,133828,52898,1802221.0,11664.0,59,20200605-130823-133828.jpg
20200605,140556,143601,51169,1804868.0000000002,7215.0,84,20200605-140556-143601.jpg
20200605,143606,150611,51506,1804102.6666666667,11033.5,72,20200605-143606-150611.jpg
20200605,150616,153621,53209,1801134.6666666667,19412.5,79,20200605-150616-153621.jpg
20200605,153626,160631,51707,1797783.0000000002,48283.0,66,20200605-153626-160631.jpg
20200605,160636,163641,39283,1800282.0000000002,41203.0,62,20200605-160636-163641.jpg
20200605,163646,170651,50774,1805181.3333333335,66365.0,78,20200605-163646-170651.jpg
20200605,170656,173701,53271,1808198.0,1295.5,33,20200605-170656-173701.jpg
20200605,180654,183659,50824,1805294.3333333335,2374.5,29,20200605-180654-183659.jpg
20200605,183704,190709,54057,1809037.6666666667,16824.0,55,20200605-183704-190709.jpg
20200605,190714,193719,14824,1804680.3333333335,9297.0,30,20200605-190714-193719.jpg
20200605,193724,200729,46383,1801152.6666666667,12342.0,79,20200605-193724-200729.jpg
20200605,200734,203739,26656,1809983.3333333333,139720.0,72,20200605-200734-203739.jpg
20200605,203744,210749,51042,1793381.3333333335,139720.0,73,20200605-203744-210749.jpg
20200605,210754,213759,34130,1804721.3333333335,8071.0,34,20200605-210754-213759.jpg
20200605,221341,224346,350,1805655.3333333335,2512.0,3,20200605-221341-224346.jpg
20200605,224351,231356,355,1804056.0,1139.5,1,20200605-224351-231356.jpg
20200605,231401,234406,455,1810075.3333333335,1404.0,3,20200605-231401-234406.jpg
20200605,234411,000001,350,954822.3333333334,1203.0,5,20200605-234411-000001.jpg
20200606,000006,003011,15051,1802556.6666666667,1869.5,6,20200606-000006-003011.jpg
20200606,003016,010021,47425,1806613.3333333335,1328.0,4,20200606-003016-010021.jpg
20200606,010026,013031,31914,1809990.3333333335,723.5,2,20200606-010026-013031.jpg
20200606,013036,020041,42963,1806331.3333333335,1172.0,10,20200606-013036-020041.jpg
20200606,020616,023621,41919,1804178.6666666667,1491.0,10,20200606-020616-023621.jpg
20200606,023626,030631,480,1805188.0,943.5,1,20200606-023626-030631.jpg
20200606,030636,033641,18165,1807554.3333333335,29363.5,29,20200606-030636-033641.jpg
20200606,033646,040651,34535,1767440.6666666667,139712.0,44,20200606-033646-040651.jpg
20200606,040656,043701,464,1798061.6666666667,3689.5,11,20200606-040656-043701.jpg
20200606,043706,050711,196,1784298.0,1489.0,8,20200606-043706-050711.jpg
20200606,050716,053721,38541,1802133.3333333335,43140.5,55,20200606-050716-053721.jpg
20200606,060619,063624,51805,1808798.6666666667,40841.0,76,20200606-060619-063624.jpg
20200606,063629,070634,51706,1800913.0,23845.5,89,20200606-063629-070634.jpg
20200606,070639,073644,51496,1802612.3333333335,28394.0,72,20200606-070639-073644.jpg
20200606,073649,080654,42993,1798174.6666666667,24501.0,80,20200606-073649-080654.jpg
20200606,080659,083704,51886,1801832.6666666667,2178.5,52,20200606-080659-083704.jpg
20200606,083709,090714,41699,1800829.0000000002,22905.0,53,20200606-083709-090714.jpg
20200606,090719,093724,37543,1807074.3333333335,22748.0,57,20200606-090719-093724.jpg
20200606,100803,103808,47888,1810047.3333333335,47726.5,81,20200606-100803-103808.jpg
20200606,103813,110818,48010,1807743.6666666667,41737.0,72,20200606-103813-110818.jpg
20200606,110823,113828,52125,1808129.6666666667,62111.0,75,20200606-110823-113828.jpg
20200606,113833,120838,50271,1809807.3333333335,56939.5,86,20200606-113833-120838.jpg
20200606,120843,123848,53274,1808765.3333333335,32178.0,58,20200606-120843-123848.jpg
20200606,123853,130858,53364,1809946.3333333333,47850.0,75,20200606-123853-130858.jpg
20200606,130903,133908,46853,1808322.3333333335,24517.0,47,20200606-130903-133908.jpg
20200606,140613,143618,50665,1807640.3333333335,14157.5,78,20200606-140613-143618.jpg
20200606,143623,150628,54007,1805149.3333333335,24921.5,92,20200606-143623-150628.jpg
20200606,150633,153638,53705,1809976.0,14180.0,80,20200606-150633-153638.jpg
20200606,153643,160648,53315,1806260.3333333335,105706.5,81,20200606-153643-160648.jpg
20200606,160653,163658,54202,1809851.3333333335,137346.5,70,20200606-160653-163658.jpg
20200606,163703,170708,52818,1809432.3333333335,96173.5,62,20200606-163703-170708.jpg
20200606,170713,173718,52164,1806922.3333333335,47748.5,30,20200606-170713-173718.jpg
20200606,180615,183620,51703,1807745.3333333335,15866.0,12,20200606-180615-183620.jpg
20200606,183625,190630,455,1799601.3333333335,1693.5,6,20200606-183625-190630.jpg
20200606,190635,193640,105,1803480.6666666667,1298.0,1,20200606-190635-193640.jpg
20200606,193645,200650,20,1800468.6666666667,239.0,1,20200606-193645-200650.jpg
20200606,200655,203700,0,1805618.3333333333,0,0,none
20200606,203705,210710,17289,1808699.3333333335,139720.0,74,20200606-203705-210710.jpg
20200606,210715,213720,38649,1809305.3333333335,113727.0,40,20200606-210715-213720.jpg
20200606,221515,224520,2925,1807541.3333333333,10007.5,3,20200606-221515-224520.jpg
20200606,224525,231530,355,1807702.0,926.5,2,20200606-224525-231530.jpg
20200606,231535,234540,280,1799126.3333333335,3514.0,2,20200606-231535-234540.jpg
20200606,234545,000000,210,859853.3333333334,1491.0,2,20200606-234545-000000.jpg
20200607,000005,003010,115,1807899.3333333335,290.0,1,20200607-000005-003010.jpg
20200607,003015,010020,170,1802990.0,5047.0,4,20200607-003015-010020.jpg
20200607,010025,013030,260,1809944.3333333333,662.0,1,20200607-010025-013030.jpg
20200607,013035,020040,50,1800955.3333333333,154.5,1,20200607-013035-020040.jpg
20200607,020632,023637,100,1803685.0000000002,2560.0,1,20200607-020632-023637.jpg
20200607,023642,030647,8399,1803852.3333333335,4742.0,28,20200607-023642-030647.jpg
20200607,030652,033657,33827,1801033.0000000002,105778.5,39,20200607-030652-033657.jpg
20200607,033702,040707,24727,1797055.3333333335,139720.0,59,20200607-033702-040707.jpg
20200607,040712,043717,0,1784635.0,0,0,none
20200607,043722,050727,11468,1770845.3333333335,11702.0,21,20200607-043722-050727.jpg
20200607,050732,053737,52235,1793683.6666666667,85690.5,42,20200607-050732-053737.jpg
20200607,060626,063631,19604,1797811.6666666667,39643.0,47,20200607-060626-063631.jpg
20200607,063636,070641,23038,1788049.3333333335,33081.5,50,20200607-063636-070641.jpg
20200607,070646,073651,16798,1799859.3333333333,28118.0,56,20200607-070646-073651.jpg
20200607,073656,080701,53292,1809922.3333333335,1694.5,46,20200607-073656-080701.jpg
20200607,080706,083711,13604,1799112.3333333335,5415.5,33,20200607-080706-083711.jpg
20200607,083716,090721,24555,1808582.6666666667,50938.5,67,20200607-083716-090721.jpg
20200607,100711,103716,47387,1805691.0,41647.5,65,20200607-100711-103716.jpg
20200607,103721,110726,54286,1809839.6666666667,39461.5,98,20200607-103721-110726.jpg
20200607,110731,113736,53244,1804264.3333333335,29292.5,80,20200607-110731-113736.jpg
20200607,113741,120746,48929,1809932.3333333335,27117.5,70,20200607-113741-120746.jpg
20200607,120751,123756,30728,1807289.6666666667,5278.0,34,20200607-120751-123756.jpg
20200607,123801,130806,30696,1804623.3333333335,4409.5,62,20200607-123801-130806.jpg
20200607,130811,133816,53569,1809919.3333333335,26940.0,70,20200607-130811-133816.jpg
20200607,140546,143551,54079,1808912.0,16065.0,85,20200607-140546-143551.jpg
20200607,143556,150601,54170,1808037.6666666667,6492.5,76,20200607-143556-150601.jpg
20200607,150606,153611,54051,1804819.6666666667,7316.5,78,20200607-150606-153611.jpg
20200607,153616,160621,53610,1805213.6666666667,14880.0,81,20200607-153616-160621.jpg
20200607,160626,163631,53584,1809917.3333333333,126060.5,84,20200607-160626-163631.jpg
20200607,163636,170641,53544,1808900.3333333335,136788.0,56,20200607-163636-170641.jpg
20200607,170646,173651,41196,1807208.3333333335,11633.0,59,20200607-170646-173651.jpg
20200607,180640,183645,34844,1809986.3333333335,6097.0,33,20200607-180640-183645.jpg
20200607,183650,190655,6995,1806634.0,1205.5,31,20200607-183650-190655.jpg
20200607,190700,193705,6635,1809860.3333333335,588.5,12,20200607-190700-193705.jpg
20200607,193710,200715,21428,1805447.0,1705.0,45,20200607-193710-200715.jpg
20200607,200720,203725,9577,1805977.3333333335,1039.5,23,20200607-200720-203725.jpg
20200607,203730,210735,30040,1802792.6666666667,139720.0,70,20200607-203730-210735.jpg
20200607,210740,213745,32638,1807698.0,20201.5,38,20200607-210740-213745.jpg
20200607,221411,224416,743,1802093.3333333335,1342.5,1,20200607-221411-224416.jpg
20200607,224421,231426,360,1802898.6666666667,505.5,1,20200607-224421-231426.jpg
20200607,231431,234436,175,1809978.3333333335,1950.0,1,20200607-231431-234436.jpg
20200607,234441,000001,180,922487.6666666666,1171.0,1,20200607-234441-000001.jpg
20200608,000006,003011,664,1808125.0,1584.0,3,20200608-000006-003011.jpg
20200608,003016,010021,310,1809912.3333333335,6859.0,1,20200608-003016-010021.jpg
20200608,010026,013031,655,1808503.0000000002,1904.0,2,20200608-010026-013031.jpg
20200608,013036,020041,380,1808342.3333333335,702.0,2,20200608-013036-020041.jpg
20200608,020557,023602,430,1809927.3333333333,1610.0,1,20200608-020557-023602.jpg
20200608,023607,030612,361,1805656.0000000002,551.0,1,20200608-023607-030612.jpg
20200608,030617,033622,25461,1804898.3333333333,34332.0,35,20200608-030617-033622.jpg
20200608,033627,040632,46551,1804818.3333333335,139647.0,53,20200608-033627-040632.jpg
20200608,040637,043642,3900,1809923.3333333335,420.5,6,20200608-040637-043642.jpg
20200608,043647,050652,21115,1808604.0,4168.0,8,20200608-043647-050652.jpg
20200608,050657,053702,29725,1805965.3333333333,87426.0,33,20200608-050657-053702.jpg
20200608,060642,063647,50262,1803697.0,11501.5,48,20200608-060642-063647.jpg
20200608,063652,070657,50661,1793065.0,15752.0,53,20200608-063652-070657.jpg
20200608,070702,073707,52231,1802640.3333333335,28914.5,76,20200608-070702-073707.jpg
20200608,073712,080717,52526,1792494.3333333333,36205.5,60,20200608-073712-080717.jpg
20200608,080722,083727,47784,1793511.6666666667,36660.0,72,20200608-080722-083727.jpg
20200608,083732,090737,40141,1803661.0,3970.0,74,20200608-083732-090737.jpg
20200608,090742,093747,47628,1797408.0000000002,2839.5,51,20200608-090742-093747.jpg
20200608,100717,103722,50477,1802135.0,8008.0,45,20200608-100717-103722.jpg
20200608,103727,110732,49450,1804143.6666666667,12613.5,55,20200608-103727-110732.jpg
20200608,110737,113742,48605,1801492.6666666667,13989.0,73,20200608-110737-113742.jpg
20200608,113747,120752,53924,1805101.6666666667,14995.5,58,20200608-113747-120752.jpg
20200608,120757,123802,52379,1795122.3333333335,25332.5,66,20200608-120757-123802.jpg
20200608,123807,130812,53559,1809117.6666666667,7734.5,72,20200608-123807-130812.jpg
20200608,130817,133822,54149,1805109.3333333333,18692.0,86,20200608-130817-133822.jpg
20200608,140617,143622,53384,1799735.0000000002,22631.0,78,20200608-140617-143622.jpg
20200608,143627,150632,49468,1805676.0000000002,2386.0,68,20200608-143627-150632.jpg
20200608,150637,153642,51996,1799744.3333333333,11431.5,69,20200608-150637-153642.jpg
20200608,153647,160652,52892,1803494.6666666667,19756.5,56,20200608-153647-160652.jpg
20200608,160657,163702,52965,1798982.0000000002,36803.5,51,20200608-160657-163702.jpg
20200608,163707,170712,52747,1805663.6666666667,44932.5,33,20200608-163707-170712.jpg
20200608,170717,173722,426,1798406.6666666667,1330.5,3,20200608-170717-173722.jpg
20200608,180652,183657,8492,1799627.3333333333,890.0,19,20200608-180652-183657.jpg
20200608,183702,190707,19054,1798679.6666666667,163.5,4,20200608-183702-190707.jpg
20200608,190712,193717,20846,1792121.3333333335,5466.5,20,20200608-190712-193717.jpg
20200608,193722,200727,10,1797000.6666666667,229.5,1,20200608-193722-200727.jpg
20200608,200732,203737,47053,1805871.3333333335,139720.0,74,20200608-200732-203737.jpg
20200608,203742,210747,48328,1806741.6666666667,139720.0,77,20200608-203742-210747.jpg
20200608,210752,213757,43867,1807061.3333333333,136258.5,25,20200608-210752-213757.jpg
20200608,221356,224401,1060,1805479.0,64658.5,2,20200608-221356-224401.jpg
20200608,224406,231411,205,1790094.0,3326.5,2,20200608-224406-231411.jpg
20200608,231416,234421,145,1804559.0000000002,1077.5,1,20200608-231416-234421.jpg
20200608,234426,000001,95,937357.0000000001,1047.0,4,20200608-234426-000001.jpg
20200609,000006,003011,3965,1793888.0000000002,1164.0,22,20200609-000006-003011.jpg
20200609,003016,010021,1480,1803920.0,2859.5,30,20200609-003016-010021.jpg
20200609,010026,013031,90,1805960.6666666667,816.5,1,20200609-010026-013031.jpg
20200609,013036,020041,195,1803557.0,1920.5,2,20200609-013036-020041.jpg
20200609,020622,023627,320,1806547.0,465.5,4,20200609-020622-023627.jpg
20200609,023632,030637,65,1798116.3333333335,588.5,1,20200609-023632-030637.jpg
20200609,030642,033647,21769,1804382.0,20270.0,28,20200609-030642-033647.jpg
20200609,033652,040657,29165,1808990.3333333335,139667.5,33,20200609-033652-040657.jpg
20200609,040702,043707,50802,1800150.3333333335,97225.5,60,20200609-040702-043707.jpg
20200609,043712,050717,1322,1789264.6666666667,372.5,10,20200609-043712-050717.jpg
20200609,050722,053727,523,1781902.0,200.0,4,20200609-050722-053727.jpg
20200609,060619,063624,234,1802265.6666666667,143.0,2,20200609-060619-063624.jpg
20200609,063629,070634,70,1799856.6666666667,152.0,1,20200609-063629-070634.jpg
20200609,070639,073644,0,1800264.3333333335,0,0,none
20200609,073649,080654,0,1,0,0,none
20200609,080659,083704,0,1,0,0,none
20200609,083709,090714,25060,1574778.3333333335,15455.5,46,20200609-083709-090714.jpg
20200609,090719,093724,53103,1788167.0000000002,18674.5,55,20200609-090719-093724.jpg
20200609,100732,103737,52166,1792424.3333333335,12573.5,33,20200609-100732-103737.jpg
20200609,103742,110747,47943,1801787.6666666667,25794.5,70,20200609-103742-110747.jpg
20200609,110752,113757,53661,1797305.666666667,16727.5,48,20200609-110752-113757.jpg
20200609,113802,120807,25861,1808318.0,15448.0,33,20200609-113802-120807.jpg
20200609,120812,123817,21241,1793225.6666666667,11421.5,27,20200609-120812-123817.jpg
20200609,123822,130827,27392,1806101.0,9566.5,45,20200609-123822-130827.jpg
20200609,130832,133837,33731,1796742.0000000002,1344.0,14,20200609-130832-133837.jpg
20200609,140556,143601,24222,1803260.0,10106.0,31,20200609-140556-143601.jpg
20200609,143606,150611,25929,1797332.0,2081.0,14,20200609-143606-150611.jpg
20200609,150616,153621,26302,1796506.3333333335,1039.5,26,20200609-150616-153621.jpg
20200609,153626,160631,51077,1804839.6666666667,9148.0,60,20200609-153626-160631.jpg
20200609,160636,163641,45951,1791257.3333333335,70444.0,69,20200609-160636-163641.jpg
20200609,163646,170651,42950,1808609.3333333333,42880.5,69,20200609-163646-170651.jpg
20200609,170656,173701,45333,1807005.3333333335,3059.0,58,20200609-170656-173701.jpg
20200609,182011,185016,1025,1790607.6666666667,492.5,13,20200609-182011-185016.jpg
20200609,185021,192026,5120,1799025.0,840.5,24,20200609-185021-192026.jpg
20200609,192031,195036,52475,1808731.0,1681.5,43,20200609-192031-195036.jpg
20200609,195041,202046,0,1801971.3333333335,0,0,none
20200609,202051,205056,0,1789788.0,0,0,none
20200609,205101,212106,41385,1790886.0000000002,139720.0,67,20200609-205101-212106.jpg
20200609,212111,215116,35777,1806761.0000000002,50445.5,29,20200609-212111-215116.jpg
20200609,221737,224742,230,1795028.0,961.5,2,20200609-221737-224742.jpg
20200609,224747,231752,260,1794933.3333333335,114892.0,3,20200609-224747-231752.jpg
20200609,231757,234802,332,1800376.6666666667,50593.5,10,20200609-231757-234802.jpg
20200609,234807,000002,790,719813.0,714.0,10,20200609-234807-000002.jpg
20200610,000007,003012,105,1807281.3333333333,1421.0,1,20200610-000007-003012.jpg
20200610,003017,010022,361,1797869.0000000002,564.5,4,20200610-003017-010022.jpg
20200610,010027,013032,490,1808369.0000000002,925.5,1,20200610-010027-013032.jpg
20200610,013037,020042,171,1799288.0,1654.0,3,20200610-013037-020042.jpg
20200610,020617,023622,273,1781988.6666666667,1564.5,1,20200610-020617-023622.jpg
20200610,023627,030632,53380,1781212.0,755.5,2,20200610-023627-030632.jpg
20200610,030637,033642,21978,1802535.3333333335,32716.5,31,20200610-030637-033642.jpg
20200610,033647,040652,39197,1799632.0,139692.5,53,20200610-033647-040652.jpg
20200610,040657,043702,0,1759698.6666666667,0,0,none
20200610,043707,050712,0,1729413.6666666667,0,0,none
20200610,050717,053722,24021,1762592.6666666667,51774.5,34,20200610-050717-053722.jpg
20200610,060621,063626,24303,1790574.0,13319.0,23,20200610-060621-063626.jpg
20200610,063631,070636,22209,1800579.3333333333,32313.5,53,20200610-063631-070636.jpg
20200610,070641,073646,23827,1786360.3333333335,2899.5,33,20200610-070641-073646.jpg
20200610,073651,080656,30950,1784106.6666666667,23904.0,33,20200610-073651-080656.jpg
20200610,080701,083706,12457,1794680.666666667,1355.5,25,20200610-080701-083706.jpg
20200610,083711,090716,1735,1802750.6666666667,561.0,14,20200610-083711-090716.jpg
20200610,090721,093726,35588,1800717.0,5131.0,40,20200610-090721-093726.jpg
20200610,100647,103652,48574,1806812.6666666667,11136.5,56,20200610-100647-103652.jpg
20200610,103657,110702,49437,1804035.3333333335,42395.0,85,20200610-103657-110702.jpg
20200610,110707,113712,51789,1808898.0000000002,14290.0,56,20200610-110707-113712.jpg
20200610,113717,120722,51856,1809866.3333333335,14685.0,71,20200610-113717-120722.jpg
20200610,120727,123732,52349,1801967.6666666667,34847.0,73,20200610-120727-123732.jpg
20200610,123737,130742,52530,1794709.0,7357.0,68,20200610-123737-130742.jpg
20200610,130747,133752,47449,1790426.6666666667,2203.5,50,20200610-130747-133752.jpg
20200610,133755,140800,37501,1803627.6666666667,4211.0,52,20200610-133755-140800.jpg
20200610,140805,143810,27117,1797418.6666666667,1206.0,38,20200610-140805-143810.jpg
20200610,143815,150820,36122,1781954.0000000002,4632.0,78,20200610-143815-150820.jpg
20200610,150825,153830,53461,1796376.6666666667,11538.0,87,20200610-150825-153830.jpg
20200610,153835,160840,53232,1775172.3333333335,4447.5,69,20200610-153835-160840.jpg
20200610,160845,163850,44247,1797939.3333333335,42980.0,69,20200610-160845-163850.jpg
20200617,180657,183702,7,1809930.3333333335,221.5,1,20200617-180657-183702.jpg
20200617,183707,190712,22,1809930.3333333335,182.0,2,20200617-183707-190712.jpg
20200617,190717,193722,8437,1807488.6666666667,17482.0,13,20200617-190717-193722.jpg
20200617,193727,200732,50777,1809930.3333333335,7919.5,69,20200617-193727-200732.jpg
20200617,200737,203742,169,1809929.3333333335,421.5,2,20200617-200737-203742.jpg
20200617,203747,210752,9053,1809975.0000000002,2960.5,5,20200617-203747-210752.jpg
20200617,210757,213802,48,1809969.3333333335,17127.5,8,20200617-210757-213802.jpg
20200617,221416,224421,22016,1809936.0000000002,139720.0,59,20200617-221416-224421.jpg
20200617,224426,231431,42244,1809962.6666666667,139720.0,135,20200617-224426-231431.jpg
20200617,231436,234441,30124,1809921.6666666667,64753.0,51,20200617-231436-234441.jpg
20200617,234446,000001,36,919931.3333333334,172.5,3,20200617-234446-000001.jpg
20200618,000006,003011,3743,1809928.3333333335,746.5,40,20200618-000006-003011.jpg
20200618,003016,010021,18925,1809929.3333333335,81090.0,53,20200618-003016-010021.jpg
20200618,010026,013031,44503,1809928.3333333335,139720.0,138,20200618-010026-013031.jpg
20200618,013036,020041,43735,1809928.3333333335,139720.0,102,20200618-013036-020041.jpg
20200618,020636,023641,10877,1801610.3333333335,139720.0,8,20200618-020636-023641.jpg
20200618,023646,030651,39981,1809929.3333333335,22253.0,21,20200618-023646-030651.jpg
20200618,030656,033701,39402,1810069.0000000002,5040.5,14,20200618-030656-033701.jpg
20200618,033706,040711,45245,1809985.0000000002,4951.0,12,20200618-033706-040711.jpg
20200618,040716,043721,28839,1809928.3333333335,1590.5,33,20200618-040716-043721.jpg
20200618,043726,050731,48469,1809927.3333333333,10144.0,16,20200618-043726-050731.jpg
20200618,050736,053741,26113,1809928.3333333335,3600.0,17,20200618-050736-053741.jpg
20200618,060607,063612,13,1800167.6666666667,6698.5,1,20200618-060607-063612.jpg
20200618,063617,070622,12,1809929.3333333335,171.5,1,20200618-063617-070622.jpg
20200618,070627,073632,4,1809929.3333333335,278.5,1,20200618-070627-073632.jpg
20200618,073637,080642,0,1809930.3333333335,0,0,none
20200618,080647,083652,2669,1806661.3333333335,3149.5,96,20200618-080647-083652.jpg
20200618,083657,090702,0,1809930.3333333335,0,0,none
20200618,090707,093712,0,1807250.0,0,0,none
20200618,100729,103734,162,1809889.3333333335,1624.5,11,20200618-100729-103734.jpg
20200618,103739,110744,86,1809929.3333333335,1106.0,6,20200618-103739-110744.jpg
20200618,110749,113754,161,1809929.3333333335,331.5,4,20200618-110749-113754.jpg
20200618,113759,120804,936,1809936.0000000002,3608.0,12,20200618-113759-120804.jpg
20200618,120809,123814,22033,1809929.3333333335,4287.5,10,20200618-120809-123814.jpg
20200618,123819,130824,1739,1804815.6666666667,4133.0,10,20200618-123819-130824.jpg
20200618,130829,133834,11787,1809929.3333333335,5445.0,10,20200618-130829-133834.jpg
20200618,140805,143810,2135,1809929.3333333335,3976.5,13,20200618-140805-143810.jpg
20200618,143815,150820,19577,1809930.3333333335,4307.5,13,20200618-143815-150820.jpg
20200618,150825,153830,0,1809929.3333333335,0,0,none
20200618,153835,160840,0,1809930.3333333335,0,0,none
20200618,160845,163850,0,1809986.3333333335,0,0,none
20200618,163855,170900,0,1809970.3333333335,0,0,none
20200618,170905,173910,3,1809890.3333333335,123.5,2,20200618-170905-173910.jpg
20200618,180720,183725,0,1809930.3333333335,0,0,none
20200618,183730,190735,910,1809930.3333333335,113.5,2,20200618-183730-190735.jpg
20200618,190740,193745,8491,1809929.3333333335,8724.0,13,20200618-190740-193745.jpg
20200618,193750,200755,51105,1809930.3333333335,70763.0,59,20200618-193750-200755.jpg
20200618,200800,203805,45899,1809929.3333333335,13247.0,21,20200618-200800-203805.jpg
20200618,203810,210815,855,1810010.3333333335,463.0,43,20200618-203810-210815.jpg
20200618,210820,213825,30647,1809889.3333333335,20649.0,5,20200618-210820-213825.jpg
20200618,221600,224605,8122,1809969.3333333335,98435.5,45,20200618-221600-224605.jpg
20200618,224610,231615,42943,1809928.3333333335,139720.0,133,20200618-224610-231615.jpg
20200618,231620,234625,34382,1809929.3333333335,109006.5,51,20200618-231620-234625.jpg
20200618,234630,000000,0,814931.3333333334,0,0,none
20200619,000005,003010,0,1809929.3333333335,0,0,none
20200619,003015,010020,11119,1809888.3333333333,23874.0,33,20200619-003015-010020.jpg
20200619,010025,013030,35623,1809928.3333333335,139684.0,43,20200619-010025-013030.jpg
20200619,013035,020040,43697,1809968.3333333335,139720.0,118,20200619-013035-020040.jpg
20200619,020715,023720,8698,1809928.3333333335,139720.0,9,20200619-020715-023720.jpg
20200619,023725,030730,3052,1809928.3333333335,18580.0,13,20200619-023725-030730.jpg
20200619,030735,033740,6637,1809928.3333333335,466.0,7,20200619-030735-033740.jpg
20200619,033745,040750,18280,1809927.3333333333,281.0,5,20200619-033745-040750.jpg
20200619,040755,043800,34042,1809928.3333333335,521.0,35,20200619-040755-043800.jpg
20200619,043805,050810,38002,1809927.3333333333,3367.5,17,20200619-043805-050810.jpg
20200619,050815,053820,15487,1809968.3333333335,265.5,6,20200619-050815-053820.jpg
20200619,060720,063725,22790,1809968.3333333335,36999.5,74,20200619-060720-063725.jpg
20200619,063730,070735,0,1809929.3333333335,0,0,none
20200619,070740,073745,26,1809929.3333333335,7379.5,3,20200619-070740-073745.jpg
20200619,073750,080755,2,1809929.3333333335,318.5,1,20200619-073750-080755.jpg
20200619,080800,083805,0,1809930.3333333335,0,0,none
20200619,083810,090815,11,1809929.3333333335,2561.5,2,20200619-083810-090815.jpg
20200619,090820,093825,26225,1809930.3333333335,2812.5,5,20200619-090820-093825.jpg
20200619,100720,103725,6710,1809930.3333333335,1468.5,6,20200619-100720-103725.jpg
20200619,103730,110735,503,1810009.3333333335,2990.0,12,20200619-103730-110735.jpg
20200619,110740,113745,2564,1809896.0000000002,6725.5,9,20200619-110740-113745.jpg
20200619,113750,120755,6079,1809970.3333333335,8676.0,29,20200619-113750-120755.jpg
20200619,120800,123805,3,1809922.6666666667,156.5,1,20200619-120800-123805.jpg
20200619,123810,130815,143,1809929.3333333335,1322.5,9,20200619-123810-130815.jpg
20200619,130820,133825,0,1809930.3333333335,0,0,none
20200619,140940,143945,3,1809923.6666666667,129.0,2,20200619-140940-143945.jpg
20200619,143950,150955,0,1809889.3333333335,0,0,none
20200619,151000,154005,0,1809966.0000000002,0,0,none
20200619,154010,161015,3481,1809930.3333333335,88257.5,102,20200619-154010-161015.jpg
20200619,161020,164025,32666,1809930.3333333335,804.5,5,20200619-161020-164025.jpg
20200619,164030,171035,0,1809977.0,0,0,none
20200619,171040,174045,0,1809937.0000000002,0,0,none
20200619,180651,183656,41980,1809931.3333333335,138977.0,106,20200619-180651-183656.jpg
20200619,183701,190706,49303,1809936.0000000002,1685.5,6,20200619-183701-190706.jpg
20200619,190711,193716,32365,1809962.6666666667,137104.0,105,20200619-190711-193716.jpg
20200619,193721,200726,24919,1809923.6666666667,2917.5,20,20200619-193721-200726.jpg
20200619,200731,203736,0,1809889.3333333335,0,0,none
20200619,203741,210746,2554,1809929.3333333335,178.5,2,20200619-203741-210746.jpg
20200619,210751,213756,24,1809929.3333333335,13278.0,4,20200619-210751-213756.jpg
20200619,221416,224421,18373,1809968.3333333335,139720.0,43,20200619-221416-224421.jpg
20200619,224426,231431,43101,1809935.0000000002,139720.0,109,20200619-224426-231431.jpg
20200619,231436,234441,36412,1809961.6666666667,136446.5,63,20200619-231436-234441.jpg
20200619,234446,000001,0,919891.3333333334,0,0,none
20200620,000006,003011,0,1809960.6666666667,0,0,none
20200620,003016,010021,6283,1809888.3333333333,2037.0,21,20200620-003016-010021.jpg
20200620,010026,013031,36776,1809927.3333333333,138480.5,47,20200620-010026-013031.jpg
20200620,013036,020041,43728,1809928.3333333335,139720.0,86,20200620-013036-020041.jpg
20200620,020556,023601,22136,1809974.0000000002,139720.0,66,20200620-020556-023601.jpg
20200620,023606,030611,30216,1809935.0000000002,137878.0,36,20200620-023606-030611.jpg
20200620,030616,033621,1439,1809967.3333333335,1041.5,2,20200620-030616-033621.jpg
20200620,033626,040631,37995,1809887.3333333333,11747.5,6,20200620-033626-040631.jpg
20200620,040636,043641,21408,1809935.0000000002,35299.5,107,20200620-040636-043641.jpg
20200620,043646,050651,39798,1809967.3333333335,4180.5,25,20200620-043646-050651.jpg
20200620,050656,053701,44802,1809928.3333333335,2781.5,14,20200620-050656-053701.jpg
20200620,060641,063646,0,1809969.3333333335,0,0,none
20200620,063651,070656,4,1809889.3333333335,125.5,1,20200620-063651-070656.jpg
20200620,070701,073706,14173,1809929.3333333335,2091.5,2,20200620-070701-073706.jpg
20200620,073711,080716,20167,1809930.3333333335,2000.5,32,20200620-073711-080716.jpg
20200620,080721,083726,2,1809929.3333333335,181.0,2,20200620-080721-083726.jpg
20200620,083731,090736,17662,1809969.3333333335,20107.0,49,20200620-083731-090736.jpg
20200620,090741,093746,0,1809930.3333333335,0,0,none
20200620,100711,103716,0,1809929.3333333335,0,0,none
20200620,103721,110726,3331,1809930.3333333335,7309.5,2,20200620-103721-110726.jpg
20200620,110731,113736,41735,1810010.3333333335,31385.0,91,20200620-110731-113736.jpg
20200620,113741,120746,47582,1809930.3333333335,1171.0,9,20200620-113741-120746.jpg
20200620,120751,123756,30074,1809890.3333333335,4000.0,9,20200620-120751-123756.jpg
20200620,123801,130806,51088,1809929.3333333335,4957.5,13,20200620-123801-130806.jpg
20200620,130811,133816,46177,1809929.3333333335,83997.0,105,20200620-130811-133816.jpg
20200620,140601,143606,51159,1809930.3333333335,9605.5,14,20200620-140601-143606.jpg
20200620,143611,150616,52104,1809929.3333333335,1413.5,21,20200620-143611-150616.jpg
20200620,150621,153626,45434,1809970.0,1275.0,9,20200620-150621-153626.jpg
20200620,153631,160636,27817,1809929.3333333335,3129.0,7,20200620-153631-160636.jpg
20200620,160641,163646,43488,1809928.3333333335,135800.5,36,20200620-160641-163646.jpg
20200620,163651,170656,43553,1809999.0,41619.0,93,20200620-163651-170656.jpg
20200620,170701,173706,16503,1809928.3333333335,3004.0,4,20200620-170701-173706.jpg
20200620,180711,183716,21108,1809936.0000000002,7568.5,7,20200620-180711-183716.jpg
20200620,183721,190726,38427,1809969.3333333335,400.0,6,20200620-183721-190726.jpg
20200620,190731,193736,2194,1809929.3333333335,510.0,13,20200620-190731-193736.jpg
20200620,193741,200746,12,1809895.0,574.5,1,20200620-193741-200746.jpg
20200620,200751,203756,24701,1809929.3333333335,21077.5,32,20200620-200751-203756.jpg
20200620,203801,210806,28349,1809928.3333333335,135751.5,100,20200620-203801-210806.jpg
20200620,210811,213816,22,1810008.3333333335,11783.5,13,20200620-210811-213816.jpg
20200620,221516,224521,24762,1809928.3333333335,139720.0,62,20200620-221516-224521.jpg
20200620,224526,231531,48769,1809928.3333333335,139720.0,166,20200620-224526-231531.jpg
20200620,231536,234541,32787,1809927.3333333333,28417.0,38,20200620-231536-234541.jpg
20200620,234546,000001,0,859931.3333333334,0,0,none
20200621,000006,003011,0,1809887.3333333333,0,0,none
20200621,003016,010021,22411,1809968.3333333335,64709.0,63,20200621-003016-010021.jpg
20200621,010026,013031,46650,1809928.3333333335,139720.0,68,20200621-010026-013031.jpg
20200621,013036,020041,46275,1809927.3333333333,139720.0,110,20200621-013036-020041.jpg
20200621,020701,023706,15462,1809967.3333333335,139720.0,16,20200621-020701-023706.jpg
20200621,023711,030716,17097,1809888.3333333333,13556.0,15,20200621-023711-030716.jpg
20200621,030721,033726,16684,1809927.3333333333,11103.0,10,20200621-030721-033726.jpg
20200621,033731,040736,10441,1809927.3333333333,9878.5,14,20200621-033731-040736.jpg
20200621,040741,043746,35497,1810007.3333333335,13513.5,12,20200621-040741-043746.jpg
20200621,043751,050756,11671,1809887.3333333333,2284.0,6,20200621-043751-050756.jpg
20200621,050801,053806,42516,1809927.3333333333,14861.5,10,20200621-050801-053806.jpg
20200621,060621,063626,29678,1809928.3333333335,1633.0,10,20200621-060621-063626.jpg
20200621,063631,070636,46618,1809927.3333333333,20080.0,11,20200621-063631-070636.jpg
20200621,070641,073646,35424,1809927.3333333333,18449.5,10,20200621-070641-073646.jpg
20200621,073651,080656,28870,1810008.3333333335,11241.0,10,20200621-073651-080656.jpg
20200621,080701,083706,38101,1809894.0,7291.0,10,20200621-080701-083706.jpg
20200621,083711,090716,42311,1809967.3333333335,106255.5,117,20200621-083711-090716.jpg
20200621,090721,093726,53818,1809895.0,107538.0,99,20200621-090721-093726.jpg
20200621,100651,103656,53839,1809889.3333333335,82687.5,122,20200621-100651-103656.jpg
20200621,103701,110706,23186,1809929.3333333335,64580.5,73,20200621-103701-110706.jpg
20200621,110711,113716,94,1809929.3333333335,255.5,4,20200621-110711-113716.jpg
20200621,113721,120726,13896,1809929.3333333335,1924.5,18,20200621-113721-120726.jpg
20200621,120731,123736,10746,1810009.3333333335,91087.5,100,20200621-120731-123736.jpg
20200621,123741,130746,37079,1809897.0000000002,10364.5,24,20200621-123741-130746.jpg
20200621,130751,133756,25861,1809969.3333333335,93406.5,88,20200621-130751-133756.jpg
20200621,140626,143631,48466,1809889.3333333335,77424.0,156,20200621-140626-143631.jpg
20200621,143636,150641,36793,1809970.3333333335,11537.0,81,20200621-143636-150641.jpg
20200621,150646,153651,52770,1809890.3333333335,8960.0,122,20200621-150646-153651.jpg
20200621,153656,160701,50286,1809969.3333333335,92113.5,164,20200621-153656-160701.jpg
20200621,160706,163711,54297,1809930.3333333335,24719.5,112,20200621-160706-163711.jpg
20200621,163716,170721,49935,1809941.6666666667,16084.0,98,20200621-163716-170721.jpg
20200621,170726,173731,19813,1809930.3333333335,14477.5,72,20200621-170726-173731.jpg
20200621,180641,183646,47018,1809929.3333333335,114941.0,95,20200621-180641-183646.jpg
20200621,183651,190656,2076,1809929.3333333335,45550.0,94,20200621-183651-190656.jpg
20200621,190701,193706,27693,1809929.3333333335,776.0,6,20200621-190701-193706.jpg
20200621,193711,200716,0,1809928.3333333335,0,0,none
20200621,200721,203726,8559,1809928.3333333335,415.5,7,20200621-200721-203726.jpg
20200621,203731,210736,34213,1809929.3333333335,1002.0,7,20200621-203731-210736.jpg
20200621,210741,213746,19111,1809960.0,23127.5,36,20200621-210741-213746.jpg
20200621,221436,224441,34910,1810008.3333333335,139720.0,78,20200621-221436-224441.jpg
20200621,224446,231451,47085,1809928.3333333335,139720.0,108,20200621-224446-231451.jpg
20200621,231456,234501,32779,1809928.3333333335,19461.5,32,20200621-231456-234501.jpg
20200621,234506,000001,0,899930.3333333334,0,0,none
20200622,000006,003011,0,1809928.3333333335,0,0,none
20200622,003016,010021,2663,1809928.3333333335,872.5,11,20200622-003016-010021.jpg
20200622,010026,013031,30951,1809927.3333333333,139073.0,33,20200622-010026-013031.jpg
20200622,013036,020041,44639,1809922.3333333335,139720.0,111,20200622-013036-020041.jpg
20200622,020651,023656,27977,1809927.3333333333,139720.0,97,20200622-020651-023656.jpg
20200622,023701,030706,16861,1809928.3333333335,138305.5,69,20200622-023701-030706.jpg
20200622,030711,033716,6507,1809927.3333333333,10905.0,15,20200622-030711-033716.jpg
20200622,033721,040726,383,1809927.3333333333,165.5,5,20200622-033721-040726.jpg
20200622,040731,043736,28004,1809927.3333333333,17359.0,18,20200622-040731-043736.jpg
20200622,043741,050746,47962,1809927.3333333333,2081.5,8,20200622-043741-050746.jpg
20200622,050751,053756,31587,1809928.3333333335,120080.5,127,20200622-050751-053756.jpg
20200622,060656,063701,36541,1809928.3333333335,119462.5,106,20200622-060656-063701.jpg
20200622,063706,070711,33491,1809928.3333333335,116084.0,91,20200622-063706-070711.jpg
20200622,070716,073721,5977,1809928.3333333335,233.0,2,20200622-070716-073721.jpg
20200622,073726,080731,17346,1809929.3333333335,104662.0,80,20200622-073726-080731.jpg
20200622,080736,083741,12124,1809929.3333333335,5098.0,13,20200622-080736-083741.jpg
20200622,083746,090751,35048,1809930.3333333335,106874.5,116,20200622-083746-090751.jpg
20200622,090756,093801,53391,1809929.3333333335,118128.0,104,20200622-090756-093801.jpg
20200622,100701,103706,53173,1809929.3333333335,114152.0,114,20200622-100701-103706.jpg
20200622,103711,110716,18518,1809930.3333333335,18901.5,16,20200622-103711-110716.jpg
20200622,110721,113726,16925,1809969.3333333335,663.0,19,20200622-110721-113726.jpg
20200622,113731,120736,40132,1809890.3333333335,505.5,12,20200622-113731-120736.jpg
20200622,120741,123746,45292,1809970.3333333335,103840.5,79,20200622-120741-123746.jpg
20200622,123751,130756,54087,1809922.6666666667,49207.5,79,20200622-123751-130756.jpg
20200622,130801,133806,52703,1809930.3333333335,83470.0,114,20200622-130801-133806.jpg
20200622,140551,143556,51803,1809929.3333333335,913.5,19,20200622-140551-143556.jpg
20200622,143601,150606,49334,1809930.3333333335,1640.5,20,20200622-143601-150606.jpg
20200622,150611,153616,51250,1809929.3333333335,110791.5,80,20200622-150611-153616.jpg
20200622,153621,160626,45452,1809937.0000000002,117475.0,95,20200622-153621-160626.jpg
20200622,160631,163636,46602,1809970.3333333335,116016.5,107,20200622-160631-163636.jpg
20200622,163641,170646,496,1808950.3333333335,1718.5,8,20200622-163641-170646.jpg
20200622,170651,173656,10165,1809930.3333333335,402.5,9,20200622-170651-173656.jpg
20200622,180646,183651,7083,1809970.3333333335,168.5,7,20200622-180646-183651.jpg
20200622,183656,190701,19072,1809890.3333333335,255.5,12,20200622-183656-190701.jpg
20200622,190706,193711,25506,1809930.3333333335,18537.0,17,20200622-190706-193711.jpg
20200622,193716,200721,52987,1809930.3333333335,72965.5,17,20200622-193716-200721.jpg
20200622,200726,203731,49168,1809929.3333333335,11259.5,18,20200622-200726-203731.jpg
20200622,203736,210741,23294,1809928.3333333335,10381.0,7,20200622-203736-210741.jpg
20200622,210746,213751,28747,1809928.3333333335,11303.5,9,20200622-210746-213751.jpg
20200622,221456,224501,281,1809927.3333333333,325.0,4,20200622-221456-224501.jpg
20200622,224506,231511,40597,1809928.3333333335,139720.0,126,20200622-224506-231511.jpg
20200622,231516,234521,35689,1809927.3333333333,129960.5,49,20200622-231516-234521.jpg
20200622,234526,000001,0,879891.3333333334,0,0,none
20200623,000006,003011,0,1809936.3333333333,0,0,none
20200623,003016,010021,20102,1809967.3333333335,57232.0,36,20200623-003016-010021.jpg
20200623,010026,013031,37247,1809888.3333333333,139644.0,36,20200623-010026-013031.jpg
20200623,013036,020041,41851,1810038.0,139720.0,99,20200623-013036-020041.jpg
20200623,020621,023626,33678,1809927.3333333333,139720.0,66,20200623-020621-023626.jpg
20200623,023631,030636,45102,1809928.3333333335,54829.5,13,20200623-023631-030636.jpg
20200623,030641,033646,24648,1809927.3333333333,8287.5,12,20200623-030641-033646.jpg
20200623,033651,040656,27370,1809928.3333333335,3440.5,78,20200623-033651-040656.jpg
20200623,040701,043706,50235,1809927.3333333333,2545.5,44,20200623-040701-043706.jpg
20200623,043711,050716,50168,1809999.3333333335,13308.0,21,20200623-043711-050716.jpg
20200623,050721,053726,47378,1809927.3333333333,4462.5,19,20200623-050721-053726.jpg
20200623,060712,063717,14,1809928.3333333335,174.0,1,20200623-060712-063717.jpg
20200623,063722,070727,0,1809928.3333333335,0,0,none
20200623,070732,073737,0,1809929.3333333335,0,0,none
20200623,073742,080747,6,1809929.3333333335,159.5,2,20200623-073742-080747.jpg
20200623,080752,083757,0,1809929.3333333335,0,0,none
20200623,083802,090807,4,1809930.3333333335,190.0,1,20200623-083802-090807.jpg
20200623,090812,093817,3733,1809929.3333333335,1102.0,9,20200623-090812-093817.jpg
20200623,100742,103747,6388,1809930.3333333335,1580.0,10,20200623-100742-103747.jpg
20200623,103752,110757,39848,1807816.3333333335,1440.5,10,20200623-103752-110757.jpg
20200623,110802,113807,46,1809992.3333333333,187.5,6,20200623-110802-113807.jpg
20200623,113812,120817,4,1805756.3333333335,362.0,2,20200623-113812-120817.jpg
20200623,120822,123827,8,1809897.0000000002,533.5,3,20200623-120822-123827.jpg
20200623,123832,130837,496,1809930.3333333335,27498.0,36,20200623-123832-130837.jpg
20200623,130842,133847,150,1809969.3333333335,965.5,5,20200623-130842-133847.jpg
20200623,140551,143556,1225,1809970.3333333335,5452.5,55,20200623-140551-143556.jpg
20200623,143601,150606,8233,1809929.3333333335,211.5,2,20200623-143601-150606.jpg
20200623,150611,153616,0,1809929.3333333335,0,0,none
20200623,153621,160626,1,1809930.3333333335,163.0,1,20200623-153621-160626.jpg
20200623,160631,163636,153,1809929.3333333335,188.0,5,20200623-160631-163636.jpg
20200623,163641,170646,6327,1809930.3333333335,66478.5,97,20200623-163641-170646.jpg
20200623,170651,173656,2,1809962.6666666667,111.0,1,20200623-170651-173656.jpg
20200623,180621,183626,68,1809923.6666666667,112.0,2,20200623-180621-183626.jpg
20200623,183631,190636,14111,1809896.0000000002,172.5,8,20200623-183631-190636.jpg
20200623,190641,193646,18876,1809930.3333333335,15547.5,20,20200623-190641-193646.jpg
20200623,193651,200656,53043,1809936.0000000002,96711.5,27,20200623-193651-200656.jpg
20200623,200701,203706,12075,1809959.666666667,637.5,9,20200623-200701-203706.jpg
20200623,203711,210716,8311,1809896.0000000002,1588.5,3,20200623-203711-210716.jpg
20200623,210721,213726,23816,1810009.3333333335,11505.0,57,20200623-210721-213726.jpg
20200623,221446,224451,15672,1809894.0,102538.5,25,20200623-221446-224451.jpg
20200623,224456,231501,42621,1809935.0000000002,139720.0,119,20200623-224456-231501.jpg
20200623,231506,234511,35294,1809967.3333333335,94496.5,42,20200623-231506-234511.jpg
20200623,234516,000001,0,889890.3333333334,0,0,none
20200624,000006,003011,0,1809928.3333333335,0,0,none
20200624,003016,010021,19448,1809928.3333333335,84621.5,52,20200624-003016-010021.jpg
20200624,010026,013031,43227,1809968.3333333335,139720.0,44,20200624-010026-013031.jpg
20200624,013036,020041,42757,1807896.6666666667,139720.0,99,20200624-013036-020041.jpg
20200624,020623,023628,17770,1809921.6666666667,139720.0,29,20200624-020623-023628.jpg
20200624,023633,030638,35897,1809928.3333333335,26912.0,10,20200624-023633-030638.jpg
20200624,030643,033648,32699,1809888.3333333333,6533.5,13,20200624-030643-033648.jpg
20200624,033653,040658,48150,1809960.6666666667,9944.0,54,20200624-033653-040658.jpg
20200624,040703,043708,50645,1809895.0,13246.0,53,20200624-040703-043708.jpg
20200624,043713,050718,47635,1809961.6666666667,12349.5,29,20200624-043713-050718.jpg
20200624,050723,053728,46263,1809927.3333333333,5438.0,17,20200624-050723-053728.jpg
20200624,060828,063833,35137,1809928.3333333335,118638.0,62,20200624-060828-063833.jpg
20200624,063838,070843,53423,1809929.3333333335,113636.0,63,20200624-063838-070843.jpg
20200624,070848,073853,52986,1809929.3333333335,92739.5,91,20200624-070848-073853.jpg
20200624,073858,080903,3582,1809929.3333333335,48862.5,65,20200624-073858-080903.jpg
20200624,080908,083913,9,1809930.3333333335,364.0,1,20200624-080908-083913.jpg
20200624,083918,090923,26651,1809929.3333333335,18481.5,6,20200624-083918-090923.jpg
20200624,090928,093933,8200,1809930.3333333335,206.5,5,20200624-090928-093933.jpg
20200624,100833,103838,0,1809929.3333333335,0,0,none
20200624,103843,110848,38846,1809930.3333333335,406.5,10,20200624-103843-110848.jpg
20200624,110853,113858,29736,1809929.3333333335,775.5,3,20200624-110853-113858.jpg
20200624,113903,120908,9,1809930.3333333335,529.0,3,20200624-113903-120908.jpg
20200624,120913,123918,22117,1809929.3333333335,6593.5,13,20200624-120913-123918.jpg
20200624,123923,130928,1982,1809929.3333333335,5385.0,15,20200624-123923-130928.jpg
20200624,130933,133938,7,1809930.3333333335,323.0,1,20200624-130933-133938.jpg
20200624,140618,143623,0,1809930.3333333335,0,0,none
20200624,143628,150633,0,1809930.3333333335,0,0,none
20200624,150638,153643,0,1809929.3333333335,0,0,none
20200624,153648,160653,0,1809977.0,0,0,none
20200624,160658,163703,0,1809929.3333333335,0,0,none
20200624,163708,170713,0,1809930.3333333335,0,0,none
20200624,170718,173723,0,1809970.3333333335,0,0,none
20200624,180618,183623,135,1809930.3333333335,2801.5,4,20200624-180618-183623.jpg
20200624,183628,190633,16279,1809897.0000000002,193.0,10,20200624-183628-190633.jpg
20200624,190638,193643,15311,1809962.6666666667,13131.0,15,20200624-190638-193643.jpg
20200624,193648,200653,52722,1809890.3333333335,64398.5,45,20200624-193648-200653.jpg
20200624,200658,203703,47730,1809929.3333333335,5000.5,14,20200624-200658-203703.jpg
20200624,203708,210713,16681,1809930.3333333335,8532.0,5,20200624-203708-210713.jpg
20200624,210718,213723,26,1809936.0000000002,12660.0,9,20200624-210718-213723.jpg
20200624,221448,224453,10998,1809935.0000000002,100806.0,31,20200624-221448-224453.jpg
20200624,224458,231503,44058,1809967.3333333335,139720.0,121,20200624-224458-231503.jpg
20200624,231508,234513,34866,1809928.3333333335,101143.5,56,20200624-231508-234513.jpg
20200624,234518,000003,0,889890.3333333334,0,0,none
20200625,000008,003013,0,1809967.3333333335,0,0,none
20200625,003018,010023,13470,1809888.3333333333,45804.5,49,20200625-003018-010023.jpg
20200625,010028,013033,41212,1809935.0000000002,139449.5,46,20200625-010028-013033.jpg
20200625,013038,020043,49658,1809768.3333333335,139720.0,74,20200625-013038-020043.jpg
20200625,020658,023703,4851,1809927.3333333333,139720.0,7,20200625-020658-023703.jpg
20200625,023708,030713,39457,1809928.3333333335,107742.5,23,20200625-023708-030713.jpg
20200625,030718,033723,53286,1809928.3333333335,11660.0,17,20200625-030718-033723.jpg
20200625,033728,040733,43059,1809928.3333333335,9209.5,22,20200625-033728-040733.jpg
20200625,040738,043743,27095,1809927.3333333333,866.0,38,20200625-040738-043743.jpg
20200625,043748,050753,39708,1809928.3333333335,4917.0,27,20200625-043748-050753.jpg
20200625,050758,053803,44162,1810000.6666666667,5024.0,16,20200625-050758-053803.jpg
20200625,060928,063933,0,1809961.6666666667,0,0,none
20200625,063938,070943,0,1809889.3333333335,0,0,none
20200625,070948,073953,159,1809930.3333333335,675.0,1,20200625-070948-073953.jpg
20200625,073958,081003,0,1809930.3333333335,0,0,none
20200625,081008,084013,0,1809929.3333333335,0,0,none
20200625,084018,091023,0,1809963.6666666667,0,0,none
20200625,091028,094033,7392,1809889.3333333335,193.5,2,20200625-091028-094033.jpg
20200625,100828,103833,46836,1809930.3333333335,101435.5,38,20200625-100828-103833.jpg
20200625,103838,110843,24444,1809929.3333333335,99230.5,64,20200625-103838-110843.jpg
20200625,110848,113853,8473,1809930.3333333335,1134.5,16,20200625-110848-113853.jpg
20200625,113858,120903,0,1809970.3333333335,0,0,none
20200625,120908,123913,7580,1809929.3333333335,102959.5,84,20200625-120908-123913.jpg
20200625,123918,130923,38605,1809930.3333333335,96727.0,95,20200625-123918-130923.jpg
20200625,130928,133933,7898,1809930.3333333335,107922.5,41,20200625-130928-133933.jpg
20200625,140653,143658,31439,1809923.6666666667,58530.0,44,20200625-140653-143658.jpg
20200625,143703,150708,2978,1809931.3333333335,106868.0,16,20200625-143703-150708.jpg
20200625,150713,153718,53115,1809923.6666666667,117730.5,82,20200625-150713-153718.jpg
20200625,153723,160728,150,1809891.3333333335,4759.5,3,20200625-153723-160728.jpg
20200625,160733,163738,10,1809930.3333333335,1039.5,3,20200625-160733-163738.jpg
20200625,163743,170748,4,1809931.3333333335,202.5,1,20200625-163743-170748.jpg
20200625,170753,173758,0,1809970.3333333335,0,0,none
20200625,180648,183653,0,1809970.3333333335,0,0,none
20200625,183658,190703,15021,1809891.3333333335,206.5,9,20200625-183658-190703.jpg
20200625,190708,193713,5685,1809930.3333333335,13909.0,10,20200625-190708-193713.jpg
20200625,193718,200723,52840,1809937.0000000002,62427.5,44,20200625-193718-200723.jpg
20200625,200728,203733,46079,1809929.3333333335,4542.5,15,20200625-200728-203733.jpg
20200625,203738,210743,14624,1809930.3333333335,6660.5,4,20200625-203738-210743.jpg
20200625,210748,213753,42,1809969.3333333335,13180.0,57,20200625-210748-213753.jpg
20200625,221533,224538,28856,1809929.3333333335,139720.0,52,20200625-221533-224538.jpg
20200625,224543,231548,44015,1809928.3333333335,139720.0,91,20200625-224543-231548.jpg
20200625,231553,234558,32236,1809967.3333333335,39240.5,32,20200625-231553-234558.jpg
20200625,234603,000003,0,844924.6666666666,0,0,none
20200626,000008,003013,0,1809928.3333333335,0,0,none
20200626,003018,010023,13285,1809887.3333333333,18375.5,23,20200626-003018-010023.jpg
20200626,010028,013033,32634,1809967.3333333335,138725.5,46,20200626-010028-013033.jpg
20200626,013038,020043,42077,1808902.0,139720.0,90,20200626-013038-020043.jpg
20200626,020622,023627,4961,1809967.3333333335,139720.0,10,20200626-020622-023627.jpg
20200626,023632,030637,5871,1809961.6666666667,28360.0,30,20200626-023632-030637.jpg
20200626,030642,033647,22472,1809927.3333333333,3978.0,11,20200626-030642-033647.jpg
20200626,033652,040657,6809,1809895.0,1203.5,13,20200626-033652-040657.jpg
20200626,040702,043707,31693,1809967.3333333335,1016.0,40,20200626-040702-043707.jpg
20200626,043712,050717,40799,1809927.3333333333,9352.0,28,20200626-043712-050717.jpg
20200626,050722,053727,44698,1809895.0,4134.0,17,20200626-050722-053727.jpg
20200626,060658,063703,0,1809929.3333333335,0,0,none
20200626,063708,070713,0,1809929.3333333335,0,0,none
20200626,070718,073723,8,1809929.3333333335,288.5,1,20200626-070718-073723.jpg
20200626,073728,080733,0,1809930.3333333335,0,0,none
20200626,080738,083743,0,1809962.6666666667,0,0,none
20200626,083748,090753,10,1809929.3333333335,150.5,1,20200626-083748-090753.jpg
20200626,090758,093803,2,1809890.3333333335,107.0,1,20200626-090758-093803.jpg
20200626,100808,103813,54000,1809969.3333333335,96969.0,61,20200626-100808-103813.jpg
20200626,103818,110823,51271,1809890.3333333335,82405.0,113,20200626-103818-110823.jpg
20200626,110828,113833,51135,1809929.3333333335,109316.5,98,20200626-110828-113833.jpg
20200626,113838,120843,0,1809930.3333333335,0,0,none
20200626,120848,123853,0,1810009.3333333335,0,0,none
20200626,123858,130903,720,1809923.6666666667,1023.5,9,20200626-123858-130903.jpg
20200626,130908,133913,21598,1809930.3333333335,109096.0,74,20200626-130908-133913.jpg
20200626,140648,143653,0,1809969.3333333335,0,0,none
20200626,143658,150703,0,1809891.3333333335,0,0,none
20200626,150708,153713,0,1809971.3333333335,0,0,none
20200626,153718,160723,0,1809890.3333333335,0,0,none
20200626,160728,163733,0,1809963.6666666667,0,0,none
20200626,163738,170743,0,1809890.3333333335,0,0,none
20200626,170748,173753,0,1809930.3333333335,0,0,none
20200626,180653,183658,0,1809969.3333333335,0,0,none
20200626,183703,190708,8383,1809890.3333333335,144.5,4,20200626-183703-190708.jpg
20200626,190713,193718,5999,1809929.3333333335,13766.5,12,20200626-190713-193718.jpg
20200626,193723,200728,52374,1809930.3333333335,23347.0,66,20200626-193723-200728.jpg
20200626,200733,203738,36716,1809930.3333333335,940.0,8,20200626-200733-203738.jpg
20200626,203743,210748,675,1809930.3333333335,278.0,5,20200626-203743-210748.jpg
20200626,210753,213758,29,1809969.3333333335,15523.5,47,20200626-210753-213758.jpg
20200626,221528,224533,18508,1809929.3333333335,139720.0,44,20200626-221528-224533.jpg
20200626,224538,231543,43384,1809978.3333333335,139720.0,132,20200626-224538-231543.jpg
20200626,231548,234553,32443,1809929.3333333335,82245.5,45,20200626-231548-234553.jpg
20200626,234558,000003,0,849971.3333333334,0,0,none
20200627,000008,003013,0,1809888.3333333333,0,0,none
20200627,003018,010023,10217,1809928.3333333335,29616.5,34,20200627-003018-010023.jpg
20200627,010028,013033,34565,1809968.3333333335,139146.0,49,20200627-010028-013033.jpg
20200627,013038,020043,41430,1809888.3333333333,139720.0,105,20200627-013038-020043.jpg
20200627,020758,023803,5861,1809968.3333333335,139720.0,7,20200627-020758-023803.jpg
20200627,023808,030813,9260,1809894.0,19273.5,15,20200627-023808-030813.jpg
20200627,030818,033823,14052,1810008.3333333335,897.5,5,20200627-030818-033823.jpg
20200627,033828,040833,12664,1809920.6666666667,1567.0,8,20200627-033828-040833.jpg
20200627,040838,043843,10062,1809975.6666666667,308.0,28,20200627-040838-043843.jpg
20200627,043848,050853,38321,1809920.6666666667,1920.0,20,20200627-043848-050853.jpg
20200627,050858,053903,29154,1809887.3333333333,599.0,12,20200627-050858-053903.jpg
20200627,060636,063641,18884,1810009.3333333335,81744.5,87,20200627-060636-063641.jpg
20200627,063646,070651,0,1809922.6666666667,0,0,none
20200627,070656,073701,6,1809890.3333333335,243.0,1,20200627-070656-073701.jpg
20200627,073706,080711,0,1809930.3333333335,0,0,none
20200627,080716,083721,0,1809929.3333333335,0,0,none
20200627,083726,090731,0,1809969.3333333335,0,0,none
20200627,090736,093741,5,1809923.6666666667,161.5,1,20200627-090736-093741.jpg
20200627,100656,103701,580,1809929.3333333335,52386.5,73,20200627-100656-103701.jpg
20200627,103706,110711,25087,1809930.3333333335,106191.5,56,20200627-103706-110711.jpg
20200627,110716,113721,25533,1809930.3333333335,97051.5,82,20200627-110716-113721.jpg
20200627,113726,120731,45093,1809929.3333333335,12642.0,62,20200627-113726-120731.jpg
20200627,120736,123741,53662,1809963.6666666667,107732.5,61,20200627-120736-123741.jpg
20200627,123746,130751,7170,1809923.6666666667,98716.5,77,20200627-123746-130751.jpg
20200627,130756,133801,0,1809930.3333333335,0,0,none
20200627,140636,143641,25512,1809930.3333333335,99918.0,85,20200627-140636-143641.jpg
20200627,143646,150651,46,1809930.3333333335,143.0,1,20200627-143646-150651.jpg
20200627,150656,153701,0,1809923.6666666667,0,0,none
20200627,153706,160711,0,1809929.3333333335,0,0,none
20200627,160716,163721,233,1809890.3333333335,1523.0,8,20200627-160716-163721.jpg
20200627,163726,170731,7,1809930.3333333335,123.0,2,20200627-163726-170731.jpg
20200627,170736,173741,6,1809963.6666666667,251.5,1,20200627-170736-173741.jpg
20200627,180701,183706,0,1810010.3333333335,0,0,none
20200627,183711,190716,26,1809923.6666666667,102.0,1,20200627-183711-190716.jpg
20200627,190721,193726,5302,1809930.3333333335,9128.5,10,20200627-190721-193726.jpg
20200627,193731,200736,52200,1809930.3333333335,13413.0,68,20200627-193731-200736.jpg
20200627,200741,203746,42143,1809929.3333333335,3262.0,15,20200627-200741-203746.jpg
20200627,203751,210756,0,1809930.3333333335,0,0,none
20200627,210801,213806,27,1809922.6666666667,11237.5,2,20200627-210801-213806.jpg
20200627,221555,224600,19815,1809921.6666666667,139488.0,34,20200627-221555-224600.jpg
20200627,224605,231610,43569,1809929.3333333335,139720.0,138,20200627-224605-231610.jpg
20200627,231615,234620,34899,1809928.3333333335,82021.0,39,20200627-231615-234620.jpg
20200627,234625,000000,4,819931.3333333334,3818.0,1,20200627-234625-000000.jpg
20200628,000005,003010,0,1809928.3333333335,0,0,none
20200628,003015,010020,13642,1809927.3333333333,979.5,18,20200628-003015-010020.jpg
20200628,010025,013030,42539,1809928.3333333335,138923.0,46,20200628-010025-013030.jpg
20200628,013035,020040,43732,1809927.3333333333,139720.0,126,20200628-013035-020040.jpg
20200628,020709,023714,27811,1809927.3333333333,139720.0,42,20200628-020709-023714.jpg
20200628,023719,030724,12760,1809928.3333333335,129328.0,86,20200628-023719-030724.jpg
20200628,030729,033734,3,1809967.3333333335,289.0,1,20200628-030729-033734.jpg
20200628,033739,040744,4161,1809927.3333333333,135359.0,73,20200628-033739-040744.jpg
20200628,040749,043754,20228,1809927.3333333333,5840.0,22,20200628-040749-043754.jpg
20200628,043759,050804,26101,1809927.3333333333,102535.0,114,20200628-043759-050804.jpg
20200628,050809,053814,30721,1809928.3333333335,4476.5,22,20200628-050809-053814.jpg
20200628,060659,063704,0,1809928.3333333335,0,0,none
20200628,063709,070714,0,1809929.3333333335,0,0,none
20200628,070719,073724,0,1809975.0000000002,0,0,none
20200628,073729,080734,18119,1809930.3333333335,108757.0,59,20200628-073729-080734.jpg
20200628,080739,083744,5159,1809936.0000000002,21889.0,82,20200628-080739-083744.jpg
20200628,083749,090754,13507,1809963.6666666667,44199.5,105,20200628-083749-090754.jpg
20200628,090759,093804,32397,1809922.6666666667,40003.0,62,20200628-090759-093804.jpg
20200628,100719,103724,5133,1809969.3333333335,3379.0,4,20200628-100719-103724.jpg
20200628,103729,110734,7429,1809923.6666666667,4286.0,105,20200628-103729-110734.jpg
20200628,110739,113744,24152,1809922.6666666667,920.0,3,20200628-110739-113744.jpg
20200628,113749,120754,27335,1809890.3333333335,347.0,5,20200628-113749-120754.jpg
20200628,120759,123804,30967,1809963.6666666667,5419.5,15,20200628-120759-123804.jpg
20200628,123809,130814,45007,1809969.3333333335,4444.5,21,20200628-123809-130814.jpg
20200628,130819,133824,18894,1809929.3333333335,229.5,4,20200628-130819-133824.jpg
20200628,140625,143630,44271,1809929.3333333335,59066.5,69,20200628-140625-143630.jpg
20200628,143635,150640,5491,1809890.3333333335,214.0,11,20200628-143635-150640.jpg
20200628,150645,153650,475,1809929.3333333335,1010.5,2,20200628-150645-153650.jpg
20200628,153655,160700,29254,1809930.3333333335,114492.0,73,20200628-153655-160700.jpg
20200628,160705,163710,45663,1809929.3333333335,134250.5,92,20200628-160705-163710.jpg
20200628,163715,170720,22935,1809928.3333333335,1125.0,4,20200628-163715-170720.jpg
20200628,170725,173730,45311,1809928.3333333335,139412.5,63,20200628-170725-173730.jpg
20200628,180639,183644,39750,1809968.3333333335,62565.0,77,20200628-180639-183644.jpg
20200628,183649,190654,0,1809890.3333333335,0,0,none
20200628,190659,193704,13092,1809929.3333333335,7500.0,68,20200628-190659-193704.jpg
20200628,193709,200714,52637,1809930.3333333335,21917.0,98,20200628-193709-200714.jpg
20200628,200719,203724,43087,1809929.3333333335,3578.0,14,20200628-200719-203724.jpg
20200628,203729,210734,9478,1809929.3333333335,989.0,4,20200628-203729-210734.jpg
20200628,210739,213744,29978,1809968.3333333335,42446.0,19,20200628-210739-213744.jpg
20200628,221529,224534,22114,1809928.3333333335,139720.0,59,20200628-221529-224534.jpg
20200628,224539,231544,44400,1809967.3333333335,139720.0,136,20200628-224539-231544.jpg
20200628,231549,234554,33367,1809928.3333333335,77260.0,56,20200628-231549-234554.jpg
20200628,234559,000004,0,849937.0,0,0,none
20200629,000009,003014,0,1809927.3333333333,0,0,none
20200629,003019,010024,34638,1809887.3333333333,74514.5,43,20200629-003019-010024.jpg
20200629,010029,013034,40526,1809928.3333333335,139720.0,54,20200629-010029-013034.jpg
20200629,013039,020044,41844,1809927.3333333333,139720.0,102,20200629-013039-020044.jpg
20200629,020919,023924,10761,1809974.0000000002,139720.0,58,20200629-020919-023924.jpg
20200629,023929,030934,30778,1809980.0,138141.5,44,20200629-023929-030934.jpg
20200629,030939,033944,0,1809927.3333333333,0,0,none
20200629,033949,040954,6,1809928.3333333335,375.5,1,20200629-033949-040954.jpg
20200629,040959,044004,16758,1809928.3333333335,4512.5,6,20200629-040959-044004.jpg
20200629,044009,051014,37349,1809926.3333333333,13560.0,14,20200629-044009-051014.jpg
20200629,051019,054024,31435,1810007.3333333335,9317.0,9,20200629-051019-054024.jpg
20200629,060642,063647,30981,1809928.3333333335,9095.0,119,20200629-060642-063647.jpg
20200629,063652,070657,44345,1809928.3333333335,61800.0,71,20200629-063652-070657.jpg
20200629,070702,073707,48381,1809928.3333333335,120183.0,87,20200629-070702-073707.jpg
20200629,073712,080717,50704,1809928.3333333335,33379.5,137,20200629-073712-080717.jpg
20200629,080722,083727,52391,1809929.3333333335,56438.5,46,20200629-080722-083727.jpg
20200629,100752,103757,15137,1809930.3333333335,516.0,4,20200629-100752-103757.jpg
20200629,103802,110807,0,1809930.3333333335,0,0,none
20200629,110812,113817,0,1809929.3333333335,0,0,none
20200629,113822,120827,1243,1809930.3333333335,6115.0,7,20200629-113822-120827.jpg
20200629,120832,123837,46099,1809929.3333333335,16219.5,78,20200629-120832-123837.jpg
20200629,123842,130847,12113,1809929.3333333335,3455.5,13,20200629-123842-130847.jpg
20200629,130852,133857,12720,1809930.3333333335,5304.5,16,20200629-130852-133857.jpg
20200629,140627,143632,38898,1809929.3333333335,8059.5,51,20200629-140627-143632.jpg
20200629,143637,150642,30727,1809930.3333333335,15203.0,70,20200629-143637-150642.jpg
20200629,150647,153652,4324,1809929.3333333335,2881.5,14,20200629-150647-153652.jpg
20200629,153657,160702,40,1809970.3333333335,169.0,4,20200629-153657-160702.jpg
20200629,160707,163712,48,1809930.3333333335,661.0,3,20200629-160707-163712.jpg
20200629,163717,170722,18809,1809936.0000000002,2641.0,3,20200629-163717-170722.jpg
20200629,170727,173732,0,1809930.3333333335,0,0,none
20200629,180642,183647,0,1809929.3333333335,0,0,none
20200629,183652,190657,42838,1809929.3333333335,644.0,6,20200629-183652-190657.jpg
20200629,190702,193707,35938,1809930.3333333335,799.5,2,20200629-190702-193707.jpg
20200629,193712,200717,14405,1809962.6666666667,974.5,6,20200629-193712-200717.jpg
20200629,200722,203727,265,1809975.0000000002,109.0,1,20200629-200722-203727.jpg
20200629,203732,210737,65,1809929.3333333335,314.0,2,20200629-203732-210737.jpg
20200629,210742,213747,53,1809969.3333333335,10482.0,3,20200629-210742-213747.jpg
20200629,221525,224530,44899,1809929.3333333335,139720.0,168,20200629-221525-224530.jpg
20200629,224535,231540,44121,1809928.3333333335,44100.5,26,20200629-224535-231540.jpg
20200629,231545,234550,0,1809928.3333333335,0,0,none
20200629,234555,000000,0,849931.3333333334,0,0,none
20200630,000005,003010,0,1809888.3333333333,0,0,none
20200630,003015,010020,0,1809968.3333333335,0,0,none
20200630,010025,013030,15130,1809928.3333333335,17608.0,24,20200630-010025-013030.jpg
20200630,013035,020040,43990,1809928.3333333335,139720.0,46,20200630-013035-020040.jpg
20200630,020700,023705,46230,1809928.3333333335,139720.0,151,20200630-020700-023705.jpg
20200630,023710,030715,41093,1809928.3333333335,139720.0,75,20200630-023710-030715.jpg
20200630,030720,033725,16514,1809929.3333333335,1823.5,7,20200630-030720-033725.jpg
20200630,033730,040735,24517,1809928.3333333335,3068.5,4,20200630-033730-040735.jpg
20200630,040740,043745,24386,1809928.3333333335,5145.5,120,20200630-040740-043745.jpg
20200630,043750,050755,28939,1810008.3333333335,52314.5,75,20200630-043750-050755.jpg
20200630,050800,053805,29366,1809778.6666666667,15886.5,50,20200630-050800-053805.jpg
20200630,060741,063746,36728,1810012.3333333333,127432.0,160,20200630-060741-063746.jpg
20200630,063751,070756,36177,1809895.0,126462.5,142,20200630-063751-070756.jpg
20200630,070801,073806,40153,1809969.3333333335,8896.0,10,20200630-070801-073806.jpg
20200630,073811,080816,52967,1809928.3333333335,132326.5,182,20200630-073811-080816.jpg
20200630,080821,083826,53055,1809928.3333333335,122012.0,183,20200630-080821-083826.jpg
20200630,083831,090836,52419,1809889.3333333335,130793.0,171,20200630-083831-090836.jpg
20200630,090841,093846,53272,1809928.3333333335,106744.0,137,20200630-090841-093846.jpg
20200630,100732,103737,53594,1809928.3333333335,40140.0,110,20200630-100732-103737.jpg
20200630,103742,110747,54008,1809927.3333333333,113926.5,166,20200630-103742-110747.jpg
20200630,110752,113757,52049,1809927.3333333333,136329.5,151,20200630-110752-113757.jpg
20200630,113802,120807,53444,1809973.3333333333,136245.5,171,20200630-113802-120807.jpg
20200630,120812,123817,53873,1809927.3333333333,134637.5,182,20200630-120812-123817.jpg
20200630,123822,130827,54018,1809967.3333333335,48509.5,134,20200630-123822-130827.jpg
20200630,130832,133837,53919,1809921.6666666667,48508.0,154,20200630-130832-133837.jpg
20200630,140632,143637,52610,1809888.3333333333,59705.5,113,20200630-140632-143637.jpg
20200630,143642,150647,54089,1809928.3333333335,88623.5,119,20200630-143642-150647.jpg
20200630,150652,153657,52760,1809928.3333333335,120557.5,133,20200630-150652-153657.jpg
20200630,153702,160707,53271,1809934.0000000002,65654.5,97,20200630-153702-160707.jpg
20200630,160712,163717,52288,1809928.3333333335,79704.5,109,20200630-160712-163717.jpg
20200630,163722,170727,46207,1809968.3333333335,71850.5,67,20200630-163722-170727.jpg
20200630,170732,173737,50034,1809889.3333333335,106540.0,84,20200630-170732-173737.jpg
20200630,180757,183802,51664,1809967.3333333335,133619.5,113,20200630-180757-183802.jpg
20200630,183807,190812,53052,1809887.3333333333,14808.5,9,20200630-183807-190812.jpg
20200630,190817,193822,50263,1809935.0000000002,15540.5,10,20200630-190817-193822.jpg
20200630,193827,200832,43447,1809934.0000000002,99743.5,121,20200630-193827-200832.jpg
20200630,200837,203842,50738,1809967.3333333335,43591.5,46,20200630-200837-203842.jpg
20200630,203847,210852,49510,1809998.3333333335,5462.0,10,20200630-203847-210852.jpg
20200630,210857,213902,105,1809928.3333333335,80019.0,56,20200630-210857-213902.jpg
20200630,221859,224904,37178,1809928.3333333335,139720.0,92,20200630-221859-224904.jpg
20200630,224909,231914,36470,1809934.0000000002,126644.5,91,20200630-224909-231914.jpg
20200630,231919,234924,31657,1809935.0000000002,59839.5,34,20200630-231919-234924.jpg
20200630,234929,000004,13279,639971.3333333334,3735.0,9,20200630-234929-000004.jpg
20200701,000009,003014,51982,1809888.3333333333,6476.0,6,20200701-000009-003014.jpg
